postal_code,name_km,name_en,type,province_code,district_code
010000,ខេត្ត បន្ទាយមានជ័យ,Banteay Meanchey Province,province,010000,
010200,ស្រុក មង្គលបូរី,Mangkul Bourei District,district,010000,010200
010201,ឃុំ បន្ទាយនាង,Banteay Neang Commune,commune,010000,010200
010202,ឃុំ បត្រាំង,Bat Trang Commune,commune,010000,010200
010203,ឃុំ ចំណោម,Chamnaom Commune,commune,010000,010200
010204,ឃុំ កោកបល្ល័ង្គ,Kouk Ballang Commune,commune,010000,010200
010205,ឃុំ គយម៉ែង,Koy Maeng Commune,commune,010000,010200
010206,ឃុំ អូរប្រាសាទ,Ou Prasat Commune,commune,010000,010200
010207,ឃុំ ភ្នំទូច,Phnum Touch Commune,commune,010000,010200
010208,ឃុំ រហាត់ទឹក,Rohat Tuek Commune,commune,010000,010200
010209,ឃុំ រុស្សីក្រោក,Ruessei Kraok Commune,commune,010000,010200
010210,ឃុំ សំបូរ,Sambour Commune,commune,010000,010200
010211,ឃុំ សាអា,Soea Commune,commune,010000,010200
010212,ឃុំ ស្រះរាំង,Srah Reang Commune,commune,010000,010200
010213,ឃុំ តាឡាំ,Ta Lam Commune,commune,010000,010200
010300,ស្រុក ភ្នំស្រុក,Phnum Srok District,district,010000,010300
010301,ឃុំ ណាមតៅ,Nam Tau Commune,commune,010000,010300
010302,ឃុំ ប៉ោយចារ,Paoy Char Commune,commune,010000,010300
010303,ឃុំ ពន្លៃ,Punley Commune,commune,010000,010300
010304,ឃុំ ស្ពានស្រែង,Spean Sraeng Commune,commune,010000,010300
010305,ឃុំ ស្រះជីក,Srah Chik Commune,commune,010000,010300
010306,ឃុំ ភ្នំដី,Phnum Dei Commune,commune,010000,010300
010400,ស្រុក ព្រះនេត្រព្រះ,Preah Net Preah District,district,010000,010400
010401,ឃុំ ឈ្នួមមានជ័យ,Chhnuom Mean Chey Commune,commune,010000,010400
010402,ឃុំ ជប់វារី,Chub Vari Commune,commune,010000,010400
010403,ឃុំ ភ្នំលៀប,Phnum Lieb Commune,commune,010000,010400
010404,ឃុំ ប្រាសាទ,Prasat Commune,commune,010000,010400
010405,ឃុំ ព្រះនេត្រព្រះ,Preah Net Preah Commune,commune,010000,010400
010406,ឃុំ រហាល,Rohal Commune,commune,010000,010400
010407,ឃុំ ទាសកាំ,Tean Kam Commune,commune,010000,010400
010408,ឃុំ ទឹកជូរ,Tuek Chour Commune,commune,010000,010400
010409,ឃុំ បុស្បូវ,Bos Sbouv Commune,commune,010000,010400
010500,ស្រុក អូរជ្រៅ,Ou Chrov District,district,010000,010500
010501,ឃុំ ចង្ហា,Changha Commune,commune,010000,010500
010502,ឃុំ គូប,Koub Commune,commune,010000,010500
010503,ឃុំ កុដ្ដសត,Kuttasat Commune,commune,010000,010500
010504,ឃុំ សំរោង,Samraong Commune,commune,010000,010500
010505,ឃុំ សូភី,Souphi Commune,commune,010000,010500
010506,ឃុំ សឹង,Soeng Commune,commune,010000,010500
010507,ឃុំ អូរបីជាន់,Ou Beichoan Commune,commune,010000,010500
010600,ក្រុង សិរីសោភ័ណ,Serei Saophoan Municipality,district,010000,010600
010601,សង្កាត់ កំពង់ស្វាយ,Sangkat Kampong Svay,commune,010000,010600
010602,សង្កាត់ កោះពងសត្វ,Sangkat Kaoh Pong Sat,commune,010000,010600
010603,សង្កាត់ ម្កាក់,Sangkat Mkak,commune,010000,010600
010604,សង្កាត់ អូរអំបិល,Sangkat Ou Ambel,commune,010000,010600
010605,សង្កាត់ ភ្នៀត,Sangkat Phniet,commune,010000,010600
010606,សង្កាត់ ព្រះពន្លា,Sangkat Preah Punlea,commune,010000,010600
010607,សង្កាត់ ទឹកថ្លា,Sangkat Tuek Thla,commune,010000,010600
010700,ស្រុក ថ្មពួក,Thma Puok District,district,010000,010700
010701,ឃុំ ភ្កាំ,Banteay Chhmar Commune,commune,010000,010700
010702,ឃុំ សារុង,Kouk Romiet Commune,commune,010000,010700
010703,ឃុំ ស្លាក្រាម,Phum Thmei Commune,commune,010000,010700
010704,ឃុំ ស្វាយចេក,Thma Puok Commune,commune,010000,010700
010705,ឃុំ តាបែន,Kouk Kakthen Commune,commune,010000,010700
010706,ឃុំ តាភូ,Kumru Commune,commune,010000,010700
010800,,Svay Chek District,district,010000,010800
010801,,Phkoam Commune,commune,010000,010800
010802,,Sarung Commune,commune,010000,010800
010803,,Sla Kram Commune,commune,010000,010800
010804,,Svay Chek Commune,commune,010000,010800
010805,,Ta Baen Commune,commune,010000,010800
010806,,Ta Phou Commune,commune,010000,010800
010807,,Treas Commune,commune,010000,010800
010808,ឃុំ រលួស,Rolous Commune,commune,010000,010800
010900,,Malai District,district,010000,010900
010901,,Boeng Beng Commune,commune,010000,010900
010902,,Malai Commune,commune,010000,010900
010903,,Ou Sampoar Commune,commune,010000,010900
010904,,Ou Sralau Commune,commune,010000,010900
010905,,Tuol Pongro Commune,commune,010000,010900
010906,,Ta Kung Commune,commune,010000,010900
011000,,Paoy Paet Municipality,district,010000,011000
011001,,Sangkat Nimit,commune,010000,011000
011002,,Sangkat Paoy Paet,commune,010000,011000
011003,,Sangkat Phsar Kandal,commune,010000,011000
011004,,Sangkat Ou Chrov,commune,010000,011000
011005,,Sangkat Ou Ruessei,commune,010000,011000
020000,,Battambang Province,province,020000,
020100,,Banan District,district,020000,020100
020101,,Kantueu Muoy Commune,commune,020000,020100
020102,,Kantueu Pir Commune,commune,020000,020100
020103,,Bay Damram Commune,commune,020000,020100
020104,,Chheu Teal Commune,commune,020000,020100
020105,,Chheung Mean Chey Commune,commune,020000,020100
020106,,Phnum Sampov Commune,commune,020000,020100
020107,,Snoeng Commune,commune,020000,020100
020108,,Ta Kream Commune,commune,020000,020100
020200,,Thma Koul District,district,020000,020200
020201,,Ta Pung Commune,commune,020000,020200
020202,,Ta Meun Commune,commune,020000,020200
020203,,Ou Ta Ki Commune,commune,020000,020200
020204,,Chrey Commune,commune,020000,020200
020205,,Anlung Run Commune,commune,020000,020200
020206,,Chrouy Sdau Commune,commune,020000,020200
020207,,Boeng Pring Commune,commune,020000,020200
020208,,Kouk Khmum Commune,commune,020000,020200
020209,,Bansay Traeng Commune,commune,020000,020200
020210,,Rung Chrey Commune,commune,020000,020200
020300,,Bat Dambang Municipality,district,020000,020300
020301,,Sangkat Tuol Ta Aek,commune,020000,020300
020302,,Sangkat Preaek Preah Sdach,commune,020000,020300
020303,,Sangkat Rotanak,commune,020000,020300
020304,,Sangkat Chamkar Samraong,commune,020000,020300
020305,,Sangkat Sla Kaet,commune,020000,020300
020306,,Sangkat Kdol Doun Teav,commune,020000,020300
020307,,Sangkat Ou Mal,commune,020000,020300
020308,,Sangkat Voat Kor,commune,020000,020300
020309,,Sangkat Ou Char,commune,020000,020300
020310,,Sangkat Svay Pao,commune,020000,020300
020400,,Bavel District,district,020000,020400
020401,,Bavel Commune,commune,020000,020400
020402,,Khnach Romeas Commune,commune,020000,020400
020403,,Lvea Commune,commune,020000,020400
020404,,Prey Khpuos Commune,commune,020000,020400
020405,,Ampil Pram Daeum Commune,commune,020000,020400
020406,,Kdol Ta Haen Commune,commune,020000,020400
020407,,Boeng Pram Commune,commune,020000,020400
020408,,Khleang Meas Commune,commune,020000,020400
020409,,Buovel Commune,commune,020000,020400
020500,,Aek Phnum District,district,020000,020500
020501,,Preaek Norin Commune,commune,020000,020500
020502,,Samraong Knong Commune,commune,020000,020500
020503,,Preaek Khpob Commune,commune,020000,020500
020504,,Preaek Luong Commune,commune,020000,020500
020505,,Peam Aek Commune,commune,020000,020500
020506,,Prey Chas Commune,commune,020000,020500
020507,,Kaoh Chiveang Commune,commune,020000,020500
020600,,Moung Ruessei District,district,020000,020600
020601,,Moung Commune,commune,020000,020600
020602,,Kear Commune,commune,020000,020600
020603,,Prey Svay Commune,commune,020000,020600
020604,,Ruessei Krang Commune,commune,020000,020600
020605,,Chrey Commune,commune,020000,020600
020606,,Ta Loas Commune,commune,020000,020600
020607,,Kakaoh Commune,commune,020000,020600
020608,,Prey Touch Commune,commune,020000,020600
020609,,Robas Mangkul Commune,commune,020000,020600
020700,,Rotanak Mondol District,district,020000,020700
020701,,Sdau Commune,commune,020000,020700
020702,,Andaeuk Haeb Commune,commune,020000,020700
020703,,Pniouv Meas Commune,commune,020000,020700
020704,,Traeng Commune,commune,020000,020700
020705,,Reaksmei Sangha Commune,commune,020000,020700
020800,,Sangkae District,district,020000,020800
020801,,Anlung Vil Commune,commune,020000,020800
020802,,Norea Commune,commune,020000,020800
020803,,Ta Pon Commune,commune,020000,020800
020804,,Roka Commune,commune,020000,020800
020805,,Kampong Preah Commune,commune,020000,020800
020806,,Kampong Prieng Commune,commune,020000,020800
020807,,Reang Kesei Commune,commune,020000,020800
020808,,Ou Dambang Muoy Commune,commune,020000,020800
020809,,Ou Dambang Pir Commune,commune,020000,020800
020810,,Vaot Ta Muem Commune,commune,020000,020800
020900,,Samlout District,district,020000,020900
020901,,Ta Taok Commune,commune,020000,020900
020902,,Kampong Lpov Commune,commune,020000,020900
020903,,Ou Samrel Commune,commune,020000,020900
020904,,Sung Commune,commune,020000,020900
020905,,Samlout Commune,commune,020000,020900
020906,,Mean Chey Commune,commune,020000,020900
020907,,Ta Sanh Commune,commune,020000,020900
021000,,Sampov Lun District,district,020000,021000
021001,,Sampov Lun Commune,commune,020000,021000
021002,,Angkor Ban Commune,commune,020000,021000
021003,,Ta Sda Commune,commune,020000,021000
021004,,Santepheap Commune,commune,020000,021000
021005,,Serei Mean Chey Commune,commune,020000,021000
021006,,Chrey Seima Commune,commune,020000,021000
021100,,Phnum Proek District,district,020000,021100
021101,,Phnum Proek Commune,commune,020000,021100
021102,,Pech Chenda Commune,commune,020000,021100
021103,,Barang Thleak Commune,commune,020000,021100
021104,,Ou Rumduol Commune,commune,020000,021100
021105,,Buor Commune,commune,020000,021100
021200,,Kamrieng District,district,020000,021200
021201,,Kamrieng Commune,commune,020000,021200
021202,,Boeng Reang Commune,commune,020000,021200
021203,,Ou Da Commune,commune,020000,021200
021204,,Trang Commune,commune,020000,021200
021205,,Ta Saen Commune,commune,020000,021200
021206,,Ta Krei Commune,commune,020000,021200
021300,,Koas Krala District,district,020000,021300
021301,,Thipakdei Commune,commune,020000,021300
021302,,Kaos Krala Commune,commune,020000,021300
021303,,Hab Commune,commune,020000,021300
021304,,Preah Phos Commune,commune,020000,021300
021305,,Doun Ba Commune,commune,020000,021300
021306,,Chhnai Moan Commune,commune,020000,021300
021400,,Rukhak Kiri District,district,020000,021400
021401,,Preaek Chik Commune,commune,020000,021400
021402,,Prey Tralach Commune,commune,020000,021400
021403,,Basak Commune,commune,020000,021400
021404,,Mukh Rea Commune,commune,020000,021400
021405,,Sdok Pravoek Commune,commune,020000,021400
030000,,Kampong Cham Province,province,030000,
030100,,Batheay District,district,030000,030100
030101,,Batheay Commune,commune,030000,030100
030102,,Chbar Ampov Commune,commune,030000,030100
030103,,Chealea Commune,commune,030000,030100
030104,,Cheung Prey Commune,commune,030000,030100
030105,,Me Pring Commune,commune,030000,030100
030106,,Phav Commune,commune,030000,030100
030107,,Sambour Commune,commune,030000,030100
030108,,Sandaek Commune,commune,030000,030100
030109,,Tang Krang Commune,commune,030000,030100
030110,,Tang Krasang Commune,commune,030000,030100
030111,,Trab Commune,commune,030000,030100
030112,,Tumnub Commune,commune,030000,030100
030200,,Chamkar Leu District,district,030000,030200
030201,,Bos Khnor Commune,commune,030000,030200
030202,,Chamkar Andoung Commune,commune,030000,030200
030203,,Cheyyou Commune,commune,030000,030200
030204,,Lvea Leu Commune,commune,030000,030200
030205,,Spueu Commune,commune,030000,030200
030206,,Svay Teab Commune,commune,030000,030200
030207,,Ta Ong Commune,commune,030000,030200
030208,,Ta Prok Commune,commune,030000,030200
030300,,Cheung Prey District,district,030000,030300
030301,,Khnor Dambang Commune,commune,030000,030300
030302,,Kouk Rovieng Commune,commune,030000,030300
030303,,Phdau Chum Commune,commune,030000,030300
030304,,Prey Char Commune,commune,030000,030300
030305,,Pring Chrum Commune,commune,030000,030300
030306,,Sampong Chey Commune,commune,030000,030300
030307,,Sdaeung Chey Commune,commune,030000,030300
030308,,Soutr Commune,commune,030000,030300
030309,,Sramar Commune,commune,030000,030300
030310,,Trapeang Kor Commune,commune,030000,030300
030400,,Kampong Cham Municipality,district,030000,030400
030401,,Sangkat Boeng Kok,commune,030000,030400
030402,,Sangkat Kampong Cham,commune,030000,030400
030503,,Sangkat Sambuor Meas,commune,030000,030500
030504,,Sangkat Veal Vung,commune,030000,030500
030500,,Kampong Siem District,district,030000,030500
030601,,Ampi Commune,commune,030000,030600
030602,,Hanchey Commune,commune,030000,030600
030603,,Kien Chrey Commune,commune,030000,030600
030604,,Kokor Commune,commune,030000,030600
030605,,Kaoh Mit Commune,commune,030000,030600
030606,,Kaoh Roka Commune,commune,030000,030600
030607,,Kaoh Samraong Commune,commune,030000,030600
030608,,Kaoh Tontuem Commune,commune,030000,030600
030609,,Krala Commune,commune,030000,030600
030610,,Ou Svay Commune,commune,030000,030600
030611,,Rolang Commune,commune,030000,030600
030612,,Rumchek Commune,commune,030000,030600
030613,,Srak Commune,commune,030000,030600
030614,,Trean Commune,commune,030000,030600
030615,,Vihea Thum Commune,commune,030000,030600
030700,,Kang Meas District,district,030000,030700
030701,,Angkor Ban Commune,commune,030000,030700
030702,,Kang Ta Noeng Commune,commune,030000,030700
030703,,Khchau Commune,commune,030000,030700
030704,,Peam Chi Kang Commune,commune,030000,030700
030705,,Preaek Koy Commune,commune,030000,030700
030706,,Preaek Krabau Commune,commune,030000,030700
030707,,Reay Pay Commune,commune,030000,030700
030708,,Roka Ar Commune,commune,030000,030700
030709,,Roka Koy Commune,commune,030000,030700
030710,,Sdau Commune,commune,030000,030700
030711,,Sou Kong Commune,commune,030000,030700
030800,,Kaoh Soutin District,district,030000,030800
030801,,Kampong Reab Commune,commune,030000,030800
030802,,Kaoh Sotin Commune,commune,030000,030800
030803,,Lve Commune,commune,030000,030800
030804,,Moha Leaph Commune,commune,030000,030800
030805,,Moha Khnhoung Commune,commune,030000,030800
030806,,Peam Prathnuoh Commune,commune,030000,030800
030807,,Pongro Commune,commune,030000,030800
030808,,Preaek Ta Nung Commune,commune,030000,030800
031300,,Prey Chhor District,district,030000,031300
031301,,Baray Commune,commune,030000,031300
031302,,Boeng Nay Commune,commune,030000,031300
031303,,Chrey Vien Commune,commune,030000,031300
031304,,Khvet Thum Commune,commune,030000,031300
031305,,Kor Commune,commune,030000,031300
031306,,Krouch Commune,commune,030000,031300
031307,,Lvea Commune,commune,030000,031300
031308,,Mien Commune,commune,030000,031300
031309,,Prey Chhor Commune,commune,030000,031300
031310,,Sou Saen Commune,commune,030000,031300
031311,,Samraong Commune,commune,030000,031300
031312,,Srangae Commune,commune,030000,031300
031313,,Thma Pun Commune,commune,030000,031300
031314,,Tong Rong Commune,commune,030000,031300
031315,,Trapeang Preah Commune,commune,030000,031300
031400,,Srei Santhor District,district,030000,031400
031401,,Baray Commune,commune,030000,031400
031402,,Chi Bal Commune,commune,030000,031400
031403,,Khnar Sa Commune,commune,030000,031400
031404,,Kaoh Andaet Commune,commune,030000,031400
031405,,Mean Chey Commune,commune,030000,031400
031406,,Phteas Kandal Commune,commune,030000,031400
031407,,Pram Yam Commune,commune,030000,031400
031408,,Preaek Dambouk Commune,commune,030000,031400
031409,,Preaek Pou Commune,commune,030000,031400
031410,,Preaek Rumdeng Commune,commune,030000,031400
031411,,Ruessei Srok Commune,commune,030000,031400
031412,,Svay Pou Commune,commune,030000,031400
031413,,Svay Khsach Phnum Commune,commune,030000,031400
031414,,Tong Tralach Commune,commune,030000,031400
031500,,Stueng Trang District,district,030000,031500
031501,,Areak Tnaot Commune,commune,030000,031500
031503,,Dang Kdar Commune,commune,030000,031500
031504,,Khpob Ta Nguon Commune,commune,030000,031500
031505,,Me Sar Chrey Commune,commune,030000,031500
031506,,Ou Mlu Commune,commune,030000,031500
031507,,Peam Kaoh Sna Commune,commune,030000,031500
031508,,Preah Andoung Commune,commune,030000,031500
031509,,Preaek Bak Commune,commune,030000,031500
031510,,Preaek Kak Commune,commune,030000,031500
031512,,Soupheas Commune,commune,030000,031500
031513,,Tuol Preah Khleang Commune,commune,030000,031500
031514,,Tuol Sambour Commune,commune,030000,031500
040000,,Kampong Chhnang Province,province,040000,
040100,,Baribour District,district,040000,040100
040101,,Anhchanh Rung Commune,commune,040000,040100
040102,,Chhnok Tru Commune,commune,040000,040100
040103,,Chak Commune,commune,040000,040100
040104,,Khon Rang Commune,commune,040000,040100
040105,,Kampong Preah Kokir Commune,commune,040000,040100
040106,,Melum Commune,commune,040000,040100
040107,,Phsar Commune,commune,040000,040100
040108,,Pech Changvar Commune,commune,040000,040100
040109,,Popel Commune,commune,040000,040100
040110,,Punley Commune,commune,040000,040100
040111,,Trapeang Chan Commune,commune,040000,040100
040200,,Chol Kiri District,district,040000,040200
040201,,Chol Sar Commune,commune,040000,040200
040202,,Kaoh Thkov Commune,commune,040000,040200
040203,,Kampong Ov Commune,commune,040000,040200
040204,,Peam Chhkaok Commune,commune,040000,040200
040205,,Prey Kri Commune,commune,040000,040200
040300,,Kampong Chhnang Municipality,district,040000,040300
040301,,Sangkat Phsar Chhnang,commune,040000,040300
040302,,Sangkat Kampong Chhnang,commune,040000,040300
040303,,Sangkat Bre,commune,040000,040300
040304,,Sangkat Khsam,commune,040000,040300
040400,,Kampong Leaeng District,district,040000,040400
040401,,Chranouk Commune,commune,040000,040400
040402,,Dar Commune,commune,040000,040400
040403,,Kampong Hau Commune,commune,040000,040400
040404,,Pnilouv Tuk Commune,commune,040000,040400
040405,,Pou Commune,commune,040000,040400
040406,,Pralay Meas Commune,commune,040000,040400
040407,,Samraong Saen Commune,commune,040000,040400
040408,,Svay Rumpear Commune,commune,040000,040400
040409,,Trangel Commune,commune,040000,040400
040500,,Kampong Tralach District,district,040000,040500
040501,,Ampil Tuek Commune,commune,040000,040500
040502,,Chhuk Sa Commune,commune,040000,040500
040503,,Chres Commune,commune,040000,040500
040504,,Kampong Tralach Commune,commune,040000,040500
040505,,Longveaek Commune,commune,040000,040500
040506,,Ou Ruessei Commune,commune,040000,040500
040507,,Peani Commune,commune,040000,040500
040508,,Saeb Commune,commune,040000,040500
040509,,Ta Ches Commune,commune,040000,040500
040510,,Thma Ed Commune,commune,040000,040500
040600,,Rolea Bier District,district,040000,040600
040601,,Andoung Snay Commune,commune,040000,040600
040602,,Banteay Preal Commune,commune,040000,040600
040603,,Cheung Kreav Commune,commune,040000,040600
040604,,Chrey Bak Commune,commune,040000,040600
040605,,Kouk Banteay Commune,commune,040000,040600
040606,,Krang Leav Commune,commune,040000,040600
040607,,Pongro Commune,commune,040000,040600
040608,,Prasnoeb Commune,commune,040000,040600
040609,,Prey Mul Commune,commune,040000,040600
040610,,Rolea Bier Commune,commune,040000,040600
040611,,Svai Thmer Commune,commune,040000,040600
040612,,Svay Chrum Commune,commune,040000,040600
040613,,Tuek Hout Commune,commune,040000,040600
040614,,Phnum Krang Dei Meas Commune,commune,040000,040600
040700,,Sameakki Mean Chey District,district,040000,040700
040701,,Chhean Laeung Commune,commune,040000,040700
040702,,Knas Chhmar Commune,commune,040000,040700
040703,,Krang Lvea Commune,commune,040000,040700
040704,,Peam Commune,commune,040000,040700
040705,,Sedthei Commune,commune,040000,040700
040706,,Svay Commune,commune,040000,040700
040707,,Svay Chuk Commune,commune,040000,040700
040708,,Tbaeng Khpuos Commune,commune,040000,040700
040709,,Thkok Vien Commune,commune,040000,040700
040800,,Tuek Phos District,district,040000,040800
040801,,Akphivoad Commune,commune,040000,040800
040802,,Chieb Commune,commune,040000,040800
040803,,Chaong Maong Commune,commune,040000,040800
040804,,Kbal Tuek Commune,commune,040000,040800
040805,,Khlong Popok Commune,commune,040000,040800
040806,,Krang Skear Commune,commune,040000,040800
040807,,Tang Krasang Commune,commune,040000,040800
040808,,Tuol Khpuos Commune,commune,040000,040800
040809,,Kdol Saen Chey Commune,commune,040000,040800
050000,,Kampong Speu Province,province,050000,
050100,,Basaed District,district,050000,050100
050101,,Basaed Commune,commune,050000,050100
050102,,Kat Phluk Commune,commune,050000,050100
050103,,Nitean Commune,commune,050000,050100
050104,,Pheakdei Commune,commune,050000,050100
050105,,Phean Mean Chey Commune,commune,050000,050100
050106,,Phong Commune,commune,050000,050100
050107,,Pou Angkrang Commune,commune,050000,050100
050108,,Pou Chamraeun Commune,commune,050000,050100
050109,,Pou Mreal Commune,commune,050000,050100
050110,,Svay Chacheb Commune,commune,050000,050100
050111,,Tuol Ampil Commune,commune,050000,050100
050112,,Tuol Sala Commune,commune,050000,050100
050113,,Kak Commune,commune,050000,050100
050114,,Svay Rumpear Commune,commune,050000,050100
050115,,Preah Khae Commune,commune,050000,050100
050200,,Chbar Mon Municipality,district,050000,050200
050201,,Sangkat Chbar Mon,commune,050000,050200
050202,,Sangkat Kandaol Dom,commune,050000,050200
050203,,Sangkat Rokar Thum,commune,050000,050200
050204,,Sangkat Sopoar Tep,commune,050000,050200
050205,,Sangkat Svay Kravan,commune,050000,050200
050300,,Kong Pisei District,district,050000,050300
050301,,Ang Popel Commune,commune,050000,050300
050302,,Chungruk Commune,commune,050000,050300
050303,,Moha Ruessei Commune,commune,050000,050300
050304,,Pech Muni Commune,commune,050000,050300
050305,,Preah Nipean Commune,commune,050000,050300
050306,,Prey Nheat Commune,commune,050000,050300
050307,,Prey Vihea Commune,commune,050000,050300
050308,,Roka Kaoh Commune,commune,050000,050300
050309,,Sdok Commune,commune,050000,050300
050310,,Snam Krapeu Commune,commune,050000,050300
050311,,Srang Commune,commune,050000,050300
050312,,Tuek Lak Commune,commune,050000,050300
050313,,Veal Commune,commune,050000,050300
050400,,Aoral District,district,050000,050400
050401,,Haong Samnam Commune,commune,050000,050400
050402,,Reaksmei Sameakki Commune,commune,050000,050400
050403,,Trapeang Chou Commune,commune,050000,050400
050404,,Sangkae Satob Commune,commune,050000,050400
050405,,Ta Sal Commune,commune,050000,050400
050500,,Phnum Sruoch District,district,050000,050500
050601,,Chambak Commune,commune,050000,050600
050602,,Choam Sangkae Commune,commune,050000,050600
050603,,Dambouk Rung Commune,commune,050000,050600
050604,,Kiri Voan Commune,commune,050000,050600
050605,,Krang Dei Vay Commune,commune,050000,050600
050606,,Moha Sang Commune,commune,050000,050600
050607,,Ou Commune,commune,050000,050600
050608,,Prey Rumduol Commune,commune,050000,050600
050609,,Prey Kmeng Commune,commune,050000,050600
050610,,Tang Samraong Commune,commune,050000,050600
050611,,Tang Sya Commune,commune,050000,050600
050612,,Traeng Trayueng Commune,commune,050000,050600
050613,,Yeay Mau Pech Nil Commune,commune,050000,050600
050700,,Samraong Tong District,district,050000,050700
050701,,Roleang Chak Commune,commune,050000,050700
050702,,Kahaeng Commune,commune,050000,050700
050703,,Khtum Krang Commune,commune,050000,050700
050704,,Krang Ampil Commune,commune,050000,050700
050705,,Pneay Commune,commune,050000,050700
050706,,Roleang Kreul Commune,commune,050000,050700
050707,,Samraong Tong Commune,commune,050000,050700
050708,,Sambour Commune,commune,050000,050700
050709,,Saen Dei Commune,commune,050000,050700
050710,,Skuh Commune,commune,050000,050700
050711,,Tang Krouch Commune,commune,050000,050700
050712,,Thoam Ta Ar Commune,commune,050000,050700
050713,,Trapeang Kong Commune,commune,050000,050700
050714,,Tumpoar Meas Commune,commune,050000,050700
050715,,Voa Sar Commune,commune,050000,050700
050800,,Thpong District,district,050000,050800
050801,,Amleang Commune,commune,050000,050800
050802,,Meaknoourm Commune,commune,050000,050800
050803,,Prambei Mum Commune,commune,050000,050800
050804,,Rung Roeang Commune,commune,050000,050800
050806,,Toap Mean Commune,commune,050000,050800
050807,,Veal Pun Commune,commune,050000,050800
050808,,Yea Ang Commune,commune,050000,050800
050900,,Odong Mae Chey Municipality,district,050000,050900
050901,,Sangkat Veang Chas,commune,050000,050900
050902,,Sangkat Veal Pung,commune,050000,050900
050903,,Sangkat Trach Tong,commune,050000,050900
050904,,Sangkat Preah Srae,commune,050000,050900
050905,,Sangkat Khsem Khsarn,commune,050000,050900
050906,,Sammeakki Muni Chey District,commune,050000,050900
051001,,Chan Saen Commune,commune,050000,051000
051002,,Cheung Roas Commune,commune,050000,051000
051003,,Chumpu Proek Commune,commune,050000,051000
051004,,Krang Chek Commune,commune,050000,051000
051005,,Mean Chey Commune,commune,050000,051000
051006,,Prey Krasang Commune,commune,050000,051000
051007,,Yut Sammeakki Commune,commune,050000,051000
051008,,Damnak Reang Commune,commune,050000,051000
051009,,Peang Lvea Commune,commune,050000,051000
051010,,Phnum Touch Commune,commune,050000,051000
060000,,Kampong Thom Province,province,060000,
060100,,Baray District,district,060000,060100
060101,,Bak Sna Commune,commune,060000,060100
060102,,Ballang Commune,commune,060000,060100
060103,,Baray Commune,commune,060000,060100
060104,,Boeng Commune,commune,060000,060100
060105,,Chaeung Daeung Commune,commune,060000,060100
060106,,Chhuk Khsach Commune,commune,060000,060100
060107,,Chong Doung Commune,commune,060000,060100
060108,,Kokir Thum Commune,commune,060000,060100
060109,,Krava Commune,commune,060000,060100
060110,,Tnaot Chrum,commune,060000,060100
060117,,Kampong Svay District,commune,060000,060100
060201,,Chey Commune,commune,060000,060200
060202,,Damrei Slab Commune,commune,060000,060200
060203,,Kampong Kou Commune,commune,060000,060200
060204,,Kampong Svay Commune,commune,060000,060200
060205,,Npeach Commune,commune,060000,060200
060206,,Phat Sanday Commune,commune,060000,060200
060207,,San Ko Commune,commune,060000,060200
060208,,Tbaeng Commune,commune,060000,060200
060209,,Trapeang Ruessei Commune,commune,060000,060200
060210,,Kdei Doung Commune,commune,060000,060200
060211,,Prey Kuy Commune,commune,060000,060200
060300,,Stueng Saen Municipality,district,060000,060300
060301,,Sangkat Damrei Choan Khla,commune,060000,060300
060302,,Sangkat Kampong Thum,commune,060000,060300
060303,,Sangkat Kampong Roteh,commune,060000,060300
060304,,Sangkat Ou Kanthor,commune,060000,060300
060305,,Sangkat Kampong Krabau,commune,060000,060300
060306,,Sangkat Prey Ta Hu,commune,060000,060300
060308,,Sangkat Achar Leak,commune,060000,060300
060309,,Sangkat Srayouv,commune,060000,060300
060310,,Sangkat Srayouv,commune,060000,060300
060400,,Prasat Ballang District,district,060000,060400
060401,,Doung Commune,commune,060000,060400
060402,,Krava Commune,commune,060000,060400
060403,,Phan Nheum Commune,commune,060000,060400
060404,,Sa Kream Commune,commune,060000,060400
060405,,Sala Visai Commune,commune,060000,060400
060406,,Sammeakki Commune,commune,060000,060400
060407,,Tuol Kreul Commune,commune,060000,060400
060500,,Prasat Sambour District,district,060000,060500
060501,,Chhuk Commune,commune,060000,060500
060502,,Koul Commune,commune,060000,060500
060503,,Sambour Commune,commune,060000,060500
060504,,Sraeung Commune,commune,060000,060500
060505,,Tang Krasau Commune,commune,060000,060500
060600,,Sandan District,district,060000,060600
060601,,Chheu Teal Commune,commune,060000,060600
060602,,Dang Kambet Commune,commune,060000,060600
060603,,Klaeng Commune,commune,060000,060600
060604,,Mean Rit Commune,commune,060000,060600
060605,,Mean Chey Commune,commune,060000,060600
060606,,Ngon Commune,commune,060000,060600
060607,,Sandan Commune,commune,060000,060600
060608,,Sochet Commune,commune,060000,060600
060609,,Tum Ring Commune,commune,060000,060600
060700,,Santuk District,district,060000,060700
060701,,Boeng Lvea Commune,commune,060000,060700
060702,,Chroab Commune,commune,060000,060700
060703,,Kampong Thma Commune,commune,060000,060700
060704,,Kakaoh Commune,commune,060000,060700
060705,,Kraya Commune,commune,060000,060700
060706,,Pnov Commune,commune,060000,060700
060707,,Prasat Commune,commune,060000,060700
060708,,Tang Krasang Commune,commune,060000,060700
060709,,Ti Pou Commune,commune,060000,060700
060710,,Tboung Krapeu Commune,commune,060000,060700
060800,,Stoung District,district,060000,060800
060801,,Banteay Stoung Commune,commune,060000,060800
060802,,Chamna Kraom Commune,commune,060000,060800
060803,,Chamna Leu Commune,commune,060000,060800
060804,,Kampong Chen Cheung Commune,commune,060000,060800
060805,,Kampong Chen Tboung Commune,commune,060000,060800
060806,,Msa Krang Commune,commune,060000,060800
060807,,Peam Bang Commune,commune,060000,060800
060808,,Popok Commune,commune,060000,060800
060809,,Pralay Commune,commune,060000,060800
060810,,Preah Damrei Commune,commune,060000,060800
060811,,Rung Roeang Commune,commune,060000,060800
060812,,Samprouch Commune,commune,060000,060800
060813,,Trea Commune,commune,060000,060800
060900,,Tang Kouk District,district,060000,060900
060901,,Pongro Commune,commune,060000,060900
060902,,Chraneang Commune,commune,060000,060900
060903,,Chrolong Commune,commune,060000,060900
060904,,Triel Commune,commune,060000,060900
060905,,Sou Young Commune,commune,060000,060900
060906,,Sralau Commune,commune,060000,060900
060907,,Svay Phleung Commune,commune,060000,060900
060908,,Andoung Pou Commune,commune,060000,060900
070000,,Kampot Province,province,070000,
070100,,Angkor Chey District,district,070000,070100
070101,,Ang Phnum Touch Commune,commune,070000,070100
070102,,Angkor Chey Commune,commune,070000,070100
070103,,Champei Commune,commune,070000,070100
070104,,Dambouk Khpuos Commune,commune,070000,070100
070105,,Dan Koum Commune,commune,070000,070100
070106,,Daeum Doung Commune,commune,070000,070100
070107,,Mroum Commune,commune,070000,070100
070108,,Phnum Kong Commune,commune,070000,070100
070109,,Praphnum Commune,commune,070000,070100
070110,,Samlanh Commune,commune,070000,070100
070111,,Tani Commune,commune,070000,070100
070200,,Banteay Meas District,district,070000,070200
070201,,Banteay Meas Khang Kaeut Commune,commune,070000,070200
070202,,Banteay Meas Khang Lech Commune,commune,070000,070200
070203,,Prey Tonle Commune,commune,070000,070200
070204,,Samraong Kraom Commune,commune,070000,070200
070205,,Samraong Leu Commune,commune,070000,070200
070206,,Sdach Kung Khang Cheung Commune,commune,070000,070200
070207,,Sdach Kung Khang Lech Commune,commune,070000,070200
070208,,Sdach Kung Khang Tboung Commune,commune,070000,070200
070209,,Tnaot Chong Srang Commune,commune,070000,070200
070210,,Trapeang Sala Khang Kaeut Commune,commune,070000,070200
070211,,Trapeang Sala Khang Lech Commune,commune,070000,070200
070212,,Tuk Meas Khang Kaeut Commune,commune,070000,070200
070213,,Tuk Meas Khang Lech Commune,commune,070000,070200
070214,,Voat Ang Khang Cheung Commune,commune,070000,070200
070215,,Voat Ang Khang Tboung Commune,commune,070000,070200
070300,,Chhuk District,district,070000,070300
070301,,Ba Niev Commune,commune,070000,070300
070302,,Ta Kaen Commune,commune,070000,070300
070303,,Boeng Nimul Commune,commune,070000,070300
070304,,Chhuk Commune,commune,070000,070300
070305,,Doun Yay Commune,commune,070000,070300
070306,,Krang Sbouv Commune,commune,070000,070300
070307,,Krang Snay Commune,commune,070000,070300
070308,,Lbaeuk Commune,commune,070000,070300
070309,,Trapeang Phleang Commune,commune,070000,070300
070310,,Mean Chey Commune,commune,070000,070300
070311,,Nearoay Commune,commune,070000,070300
070312,,Sat Pong Commune,commune,070000,070300
070313,,Trapeang Bei Commune,commune,070000,070300
070314,,Trameeang Commune,commune,070000,070300
070315,,Dechou Akphivoad Commune,commune,070000,070300
070400,,Chum Kiri District,district,070000,070400
070401,,Chres Commune,commune,070000,070400
070402,,Chumpu Voan Commune,commune,070000,070400
070403,,Snay Anhchit Commune,commune,070000,070400
070404,,Srae Chaeng Commune,commune,070000,070400
070405,,Srae Knong Commune,commune,070000,070400
070406,,Srae Samraong Commune,commune,070000,070400
070407,,Trapeang Reang Commune,commune,070000,070400
070500,,Dang Tung District,district,070000,070500
070501,,Damnak Sokram Commune,commune,070000,070500
070502,,Dang Tung Commune,commune,070000,070500
070503,,Khcheay Khang Cheung Commune,commune,070000,070500
070504,,Khcheay Khang Tboung Commune,commune,070000,070500
070505,,Mean Rit Commune,commune,070000,070500
070506,,Srae Chea Khang Cheung Commune,commune,070000,070500
070507,,Srae Chea Khang Tboung Commune,commune,070000,070500
070508,,Totung Commune,commune,070000,070500
070509,,Ang Romeas Commune,commune,070000,070500
070510,,Lang Commune,commune,070000,070500
070600,,Kampong Trach District,district,070000,070600
070601,,Boeng Sala Khang Cheung Commune,commune,070000,070600
070602,,Boeng Sala Khang Tboung Commune,commune,070000,070600
070603,,Damnak Kantuot Cheung Commune,commune,070000,070600
070604,,Damnak Kantuot Khang Tboung Commune,commune,070000,070600
070605,,Kampong Trach Khang Kaeut Commune,commune,070000,070600
070606,,Kampong Trach Khang Lech Commune,commune,070000,070600
070607,,Prasat Phnum Khyang Commune,commune,070000,070600
070608,,Phnum Prasat Commune,commune,070000,070600
070609,,Ang Sophi Commune,commune,070000,070600
070610,,Preaek Kroes Commune,commune,070000,070600
070611,,Ruessei Srok Khang Kaeut Commune,commune,070000,070600
070612,,Ruessei Srok Khang Lech Commune,commune,070000,070600
070613,,Svay Tong Khang Cheung Commune,commune,070000,070600
070614,,Svay Tong Khang Tboung Commune,commune,070000,070600
070700,,Tuek Chhu District,district,070000,070700
070701,,Chum Kriel Commune,commune,070000,070700
070702,,Kampong Kraeng Commune,commune,070000,070700
070703,,Kampong Samraong Commune,commune,070000,070700
070704,,Kandaol Commune,commune,070000,070700
070705,,Koun Sat Commune,commune,070000,070700
070706,,Makprang Commune,commune,070000,070700
070707,,Prey Khmum Commune,commune,070000,070700
070713,,Prey Thnang Commune,commune,070000,070700
070715,,Stueng Kaev Commune,commune,070000,070700
070716,,Thmei Commune,commune,070000,070700
070717,,Trapeang Pring Commune,commune,070000,070700
070718,,Trapeang Sangkae Commune,commune,070000,070700
070719,,Trapeang Thum Commune,commune,070000,070700
070800,,Kampot Municipality,district,070000,070800
070801,,Sangkat Kampong Kandal,commune,070000,070800
070802,,Sangkat Krang Ampil,commune,070000,070800
070803,,Sangkat Kampong Bay,commune,070000,070800
070804,,Sangkat Andoung Khmer,commune,070000,070800
070805,,Sangkat Traeuy Kaoh,commune,070000,070800
070900,,Bouk Kou Municipality,district,070000,070900
070901,,Sangkat Boeng Tuk,commune,070000,070900
070902,,Sangkat Kaoh Touch,commune,070000,070900
070903,,Sangkat Preaek Tnaot,commune,070000,070900
080000,,Kandal Province,province,080000,
080100,,Kandal Stueng District,district,080000,080100
080101,,Ampov Prey Commune,commune,080000,080100
080102,,Anlung Romiet Commune,commune,080000,080100
080103,,Barku Commune,commune,080000,080100
080104,,Boeng Khyang Commune,commune,080000,080100
080105,,Cheung Kaeub Commune,commune,080000,080100
080106,,Daeum Rues Commune,commune,080000,080100
080107,,Kandaok Commune,commune,080000,080100
080108,,Thmei Commune,commune,080000,080100
080109,,Kouk Trab Commune,commune,080000,080100
080110,,Preah Put Commune,commune,080000,080100
080111,,Preaek Roka Commune,commune,080000,080100
080112,,Preaek Slaeng Commune,commune,080000,080100
080113,,Roka Commune,commune,080000,080100
080114,,Roleang Kaen Commune,commune,080000,080100
080115,,Siem Reab Commune,commune,080000,080100
080125,,Tbaeng Commune,commune,080000,080100
080127,,Trapeang Veaeng Commune,commune,080000,080100
080128,,Trea Commune,commune,080000,080100
080200,,Kien Svay District,district,080000,080200
080201,,Banteay Daek Commune,commune,080000,080200
080202,,Chheu Teal Commune,commune,080000,080200
080203,,Dei Ed Commune,commune,080000,080200
080204,,Kampong Svay Commune,commune,080000,080200
080206,,Kokir Commune,commune,080000,080200
080207,,Kokir Thum Commune,commune,080000,080200
080208,,Phum Thum Commune,commune,080000,080200
080211,,Samraong Thum Commune,commune,080000,080200
080300,,Khsach Kandal District,district,080000,080300
080302,,Chey Thum Commune,commune,080000,080300
080303,,Kampong Chamlang Commune,commune,080000,080300
080304,,Kaoh Chouram Commune,commune,080000,080300
080306,,Preah Prasab Commune,commune,080000,080300
080310,,Preaek Ta Meak Commune,commune,080000,080300
080311,,Puk Ruessei Commune,commune,080000,080300
080312,,Roka Chunlueng Commune,commune,080000,080300
080313,,Sanlung Commune,commune,080000,080300
080314,,Sithor Commune,commune,080000,080300
080316,,Svay Romiet Commune,commune,080000,080300
080317,,Ta Aek Commune,commune,080000,080300
080318,,Vihea Suor Commune,commune,080000,080300
080400,,Kaoh Thum District,district,080000,080400
080403,,Kampong Kong Commune,commune,080000,080400
080404,,Kaoh Thum Ka Commune,commune,080000,080400
080405,,Kaoh Thum Kha Commune,commune,080000,080400
080406,,Leuk Daek Commune,commune,080000,080400
080407,,Pou Ban Commune,commune,080000,080400
080408,,Preaek Thmei Commune,commune,080000,080400
080500,,Leuk Daek District,district,080000,080500
080501,,Kampong Phnum Commune,commune,080000,080500
080502,,Kam Samnar Commune,commune,080000,080500
080503,,Khpob Ateav Commune,commune,080000,080500
080504,,Peam Reang Commune,commune,080000,080500
080505,,Preaek Dach Commune,commune,080000,080500
080506,,Preaek Tunloab Commune,commune,080000,080500
080507,,Sandar Commune,commune,080000,080500
080600,,Lvea Aem District,district,080000,080600
080601,,Boeng Krum Commune,commune,080000,080600
080603,,Kaoh Kaev Commune,commune,080000,080600
080604,,Kaoh Reah Commune,commune,080000,080600
080605,,Lvea Sar Commune,commune,080000,080600
080606,,Phum Thum Commune,commune,080000,080600
080608,,Preaek Rey Commune,commune,080000,080600
080610,,Preaek Ruessei Commune,commune,080000,080600
080611,,Sambour Commune,commune,080000,080600
080612,,Thma Kor Commune,commune,080000,080600
080614,,Tuek Khleang Commune,commune,080000,080600
080700,,Mukh Kampul District,district,080000,080700
080703,,Preaek Anhchanh Commune,commune,080000,080700
080704,,Preaek Dambang Commune,commune,080000,080700
080705,,Roka Kaong Ti Muoy Commune,commune,080000,080700
080706,,Roka Kaong Ti Pir Commune,commune,080000,080700
080709,,Ruessei Chrouy Commune,commune,080000,080700
080710,,Sambour Meas Commune,commune,080000,080700
080711,,Svay Ampear Commune,commune,080000,080700
080800,,Ang Snuol District,district,080000,080800
080801,,Baek Chan Commune,commune,080000,080800
080802,,Chhak Chheu Neang Commune,commune,080000,080800
080803,,Damnak Ampil Commune,commune,080000,080800
080804,,Krang Mkak Commune,commune,080000,080800
080805,,Lumhach Commune,commune,080000,080800
080806,,Mkak Commune,commune,080000,080800
080807,,Peuk Commune,commune,080000,080800
080808,,Prey Puoch Commune,commune,080000,080800
080814,,Samraong Leu Commune,commune,080000,080800
080816,,Tuol Prech Commune,commune,080000,080800
080900,,Ponhea Lueu District,district,080000,080900
080901,,Chhiveang Commune,commune,080000,080900
080902,,Chrey Loas Commune,commune,080000,080900
080903,,Kampong Luong Commune,commune,080000,080900
080904,,Kampong Os Commune,commune,080000,080900
080905,,Kaoh Chen Commune,commune,080000,080900
080906,,Phnum Bat Commune,commune,080000,080900
080907,,Ponhea Lueu Commune,commune,080000,080900
080910,,Preaek Ta Teaen Commune,commune,080000,080900
080911,,Phsar Daek Commune,commune,080000,080900
080913,,Tumnub Thum Commune,commune,080000,080900
080914,,Vihea Luong Commune,commune,080000,080900
081000,,Sang District,district,080000,081000
081001,,Khpob Commune,commune,080000,081000
081002,,Kaoh Khael Commune,commune,080000,081000
081003,,Kaoh Khsach Tunlea Commune,commune,080000,081000
081004,,Krang Youv Commune,commune,080000,081000
081005,,Prasat Commune,commune,080000,081000
081006,,Preaek Ambel Commune,commune,080000,081000
081007,,Preaek Koy Commune,commune,080000,081000
081008,,Sang Phnum Commune,commune,080000,081000
081009,,Svay Prateal Commune,commune,080000,081000
081010,,Ta Lun Commune,commune,080000,081000
081012,,Traeuy Sla Commune,commune,080000,081000
081015,,Tuek Vil Commune,commune,080000,081000
081100,,Ta Khmau Municipality,district,080000,081100
081101,,Sangkat Ta Kdol,commune,080000,081100
081102,,Sangkat Prek Ruessei,commune,080000,081100
081103,,Sangkat Daeum Mien,commune,080000,081100
081104,,Sangkat Ta Khmau,commune,080000,081100
081105,,Sangkat Praek Hour,commune,080000,081100
081106,,Sangkat Kampong Samnanh,commune,080000,081100
081107,,Sangkat Svay Rolum,commune,080000,081100
081108,,Sangkat Kaoh Anlung Chen,commune,080000,081100
081109,,Sangkat Settak bou,commune,080000,081100
081110,,Sangkat Roka Khpuos,commune,080000,081100
081200,,Sampov Pun Municipality,district,080000,081200
081201,,Sangkat Chheu Khmau,commune,080000,081200
081202,,Sangkat Preaek Chrey,commune,080000,081200
081203,,Sangkat Preaek Sdei,commune,080000,081200
081204,,Sangkat Chrouy Ta Kaev,commune,080000,081200
081205,,Sangkat Sampov Pun,commune,080000,081200
081300,,Akrey Ksat Municipality,district,080000,081300
081301,,Sangkat Bak Dav,commune,080000,081300
081302,,Sangkat Kaoh Oknha Tei,commune,080000,081300
081303,,Sangkat Preaek Ampil,commune,080000,081300
081304,,Sangkat Preaek Luong,commune,080000,081300
081305,,Sangkat Preaek Ta kouv,commune,080000,081300
081306,,Sangkat Svay Chrum,commune,080000,081300
081307,,Sangkat Akrey Ksat,commune,080000,081300
081308,,Sangkat Sarikakev,commune,080000,081300
081309,,Sangkat Peam Oknha Ong,commune,080000,081300
081310,,Sangkat Preaek Kmeng,commune,080000,081300
081311,,Sangkat Barong,commune,080000,081300
090000,,Koh Kong Province,province,090000,
090100,,Botum Sakor District,district,090000,090100
090101,,Andoung Tuek Commune,commune,090000,090100
090102,,Kandaol Commune,commune,090000,090100
090103,,Ta Nun Commune,commune,090000,090100
090104,,Thma Sa Commune,commune,090000,090100
090200,,Kiri Sakor District,district,090000,090200
090201,,Kaoh Sdach Commune,commune,090000,090200
090202,,Pnhri Meas Commune,commune,090000,090200
090203,,Preaek Khsach Commune,commune,090000,090200
090300,,Kaoh Kong District,district,090000,090300
090301,,Chrouy Pras Commune,commune,090000,090300
090302,,Kaoh Kapi Commune,commune,090000,090300
090303,,Ta Tai Kraom Commune,commune,090000,090300
090304,,Trapeang Rung Commune,commune,090000,090300
090400,,Khemmarakphoumin Municipality,district,090000,090400
090401,,Sangkat Smach Mean Chey,commune,090000,090400
090402,,Sangkat Dang Tung,commune,090000,090400
090403,,Sangkat Stueng Veaeng,commune,090000,090400
090500,,Mundul Seima District,district,090000,090500
090501,,Pak Khlang Commune,commune,090000,090500
090502,,Peam Krasaob Commune,commune,090000,090500
090503,,Tuol Kokir Commune,commune,090000,090500
090600,,Srae Ambel District,district,090000,090600
090601,,Boeng Preav Commune,commune,090000,090600
090602,,Chi Kha Kraom Commune,commune,090000,090600
090603,,Chi Kha Leu Commune,commune,090000,090600
090604,,Chrouy Svay Commune,commune,090000,090600
090605,,Dang Peaeng Commune,commune,090000,090600
090606,,Srae Ambel Commune,commune,090000,090600
090700,,Thma Bang District,district,090000,090700
090701,,Ta Tey Leu Commune,commune,090000,090700
090702,,Pralay Commune,commune,090000,090700
090703,,Chumnoab Commune,commune,090000,090700
090704,,Ruessei Chrum Commune,commune,090000,090700
090705,,Chi Phat Commune,commune,090000,090700
090706,,Thma Doun Pov Commune,commune,090000,090700
100000,,Kratie Province,province,100000,
100100,,Chhloung District,district,100000,100100
100101,,Chhloung Commune,commune,100000,100100
100102,,Damrei Phong Commune,commune,100000,100100
100103,,Hanchey Commune,commune,100000,100100
100104,,Kampong Damrei Commune,commune,100000,100100
100105,,Kanhchor Commune,commune,100000,100100
100106,,Khsach Andaet Commune,commune,100000,100100
100107,,Pongro Commune,commune,100000,100100
100108,,Preaek Saman Commune,commune,100000,100100
100200,,Kracheh Municipality,district,100000,100200
100207,,Sangkat Kaoh Trong,commune,100000,100200
100208,,Sangkat Krakor,commune,100000,100200
100209,,Sangkat Kracheh,commune,100000,100200
100210,,Sangkat Ou Ruessei,commune,100000,100200
100211,,Sangkat Roka Kandal,commune,100000,100200
100300,,Preaek Prasab District,district,100000,100300
100301,,Chambak Commune,commune,100000,100300
100302,,Chrouy Banteay Commune,commune,100000,100300
100303,,Kampong Kor Commune,commune,100000,100300
100304,,Kaoh Ta Suy Commune,commune,100000,100300
100305,,Preaek Prasab Commune,commune,100000,100300
100306,,Ruessei Kaev Commune,commune,100000,100300
100307,,Saob Commune,commune,100000,100300
100308,,Ta Mau Commune,commune,100000,100300
100400,,Sambour District,district,100000,100400
100401,,Boeng Char Commune,commune,100000,100400
100402,,Kampong Cham Commune,commune,100000,100400
100403,,Kaoh Khnhaer Commune,commune,100000,100400
100404,,Sambour Commune,commune,100000,100400
100407,,Sandan Commune,commune,100000,100400
100408,,Voadthneaknak Commune,commune,100000,100400
100410,,Snuol District,commune,100000,100400
100500,,Snuol District,district,100000,100500
100501,,Khsuem Commune,commune,100000,100500
100502,,Pir Thnu Commune,commune,100000,100500
100503,,Snuol Commune,commune,100000,100500
100504,,Srae Char Commune,commune,100000,100500
100505,,Svay Chreah Commune,commune,100000,100500
100506,,Kranfung Saen Chey Commune,commune,100000,100500
100600,,Chet Borei District,district,100000,100600
100601,,Bos Leav Commune,commune,100000,100600
100602,,Changkrang Commune,commune,100000,100600
100603,,Dar Commune,commune,100000,100600
100604,,Kantuot Commune,commune,100000,100600
100605,,Kou Loab Commune,commune,100000,100600
100606,,Kaoh Chraeng Commune,commune,100000,100600
100607,,Sambok Commune,commune,100000,100600
100608,,Thma Andaeuk Commune,commune,100000,100600
100609,,Thma Kreae Commune,commune,100000,100600
100610,,Thmei Commune,commune,100000,100600
100700,,Ou Krieng Saen Chey District,district,100000,100700
100701,,Kbal Damrei Commune,commune,100000,100700
100702,,Ou Krieng Commune,commune,100000,100700
100703,,Ou Kandei Saen Chey Commune,commune,100000,100700
100704,,Rolous Mean Chey Commune,commune,100000,100700
100705,,Srae Chis Commune,commune,100000,100700
110000,,Mondul Kiri Province,province,110000,
110100,,Kaev Seima District,district,110000,110100
110101,,Chong Phlah Commune,commune,110000,110100
110102,,Me Mang Commune,commune,110000,110100
110103,,Srae Chhuk Commune,commune,110000,110100
110104,,Srae Khtum Commune,commune,110000,110100
110105,,Srae Preah Commune,commune,110000,110100
110200,,Kaoh Nheak District,district,110000,110200
110201,,Nang Khi Lik Commune,commune,110000,110200
110202,,A Buon Leu Commune,commune,110000,110200
110203,,Roya Commune,commune,110000,110200
110204,,Sokh San Commune,commune,110000,110200
110205,,Srae Huy Commune,commune,110000,110200
110206,,Srae Sangkum Commune,commune,110000,110200
110300,,Ou Reang District,district,110000,110300
110301,,Dak Dam Commune,commune,110000,110300
110302,,Saen Meakhnoum Commune,commune,110000,110300
110400,,Pechreda District,district,110000,110400
110401,,Krang Teh Commune,commune,110000,110400
110402,,Pu Chrey Commune,commune,110000,110400
110403,,Srae Ampum Commune,commune,110000,110400
110404,,Bu Sra Commune,commune,110000,110400
110500,,Saen Meakhnoum Municipality,district,110000,110500
110501,,Sangkat Meakhnoum,commune,110000,110500
110502,,Sangkat Sokhak Dom,commune,110000,110500
110503,,Sangkat Spean Mean Chey,commune,110000,110500
110504,,Sangkat Rummeeaknea,commune,110000,110500
120000,,Phnom Penh Capital,province,120000,
120100,,Khan Chamkar Mon,district,120000,120100
120101,,Sangkat Tonle Basak,commune,120000,120100
120109,,Sangkat Tuol Tumpung Ti Pir,commune,120000,120100
120110,,Sangkat Tuol Tumpung Ti Muoy,commune,120000,120100
120111,,Sangkat Boeng Trabaek,commune,120000,120100
120112,,Sangkat Phsar Daeum Thkov,commune,120000,120100
120200,,Khan Doun Penh,district,120000,120200
120201,,Sangkat Phsar Thmei Ti Muoy,commune,120000,120200
120202,,Sangkat Phsar Thmei Ti Pir,commune,120000,120200
120203,,Sangkat Phsar Thmei Ti Bei,commune,120000,120200
120204,,Sangkat Boeng Reang,commune,120000,120200
120205,,Sangkat Phsar Kandal Ti Muoy,commune,120000,120200
120206,,Sangkat Phsar Kandal Ti Pir,commune,120000,120200
120207,,Sangkat Chakto Mukh,commune,120000,120200
120208,,Sangkat Chey Chumneah,commune,120000,120200
120209,,Sangkat Phsar Chas,commune,120000,120200
120210,,Sangkat Srah Chak,commune,120000,120200
120211,,Sangkat Voat Phnum,commune,120000,120200
120300,,Khan Prampir Meakkakra,district,120000,120300
120301,,Sangkat Ou Ruessei Ti Muoy,commune,120000,120300
120302,,Sangkat Ou Ruessei Ti Pir,commune,120000,120300
120303,,Sangkat Ou Ruessei Ti Bei,commune,120000,120300
120304,,Sangkat Ou Ruessei Ti Buon,commune,120000,120300
120305,,Sangkat Meakhnoum,commune,120000,120300
120306,,Sangkat Mittakpheap,commune,120000,120300
120307,,Sangkat Veal Vung,commune,120000,120300
120308,,Sangkat Boeng Proluet,commune,120000,120300
120400,,Khan Tuol Kouk,district,120000,120400
120401,,Sangkat Phsar Depou Ti Muoy,commune,120000,120400
120402,,Sangkat Phsar Depou Ti Pir,commune,120000,120400
120403,,Sangkat Phsar Depou Ti Bei,commune,120000,120400
120404,,Sangkat Tuek Lak Ti Muoy,commune,120000,120400
120405,,Sangkat Tuek Lak Ti Pir,commune,120000,120400
120406,,Sangkat Tuek Lak Ti Bei,commune,120000,120400
120407,,Sangkat Boeng Kak Ti Muoy,commune,120000,120400
120408,,Sangkat Boeng Kak Ti Pir,commune,120000,120400
120409,,Sangkat Phsar Daeum Kor,commune,120000,120400
120410,,Sangkat Boeng Salang,commune,120000,120400
120500,,Khan Dangkao,district,120000,120500
120501,,Sangkat Dangkao,commune,120000,120500
120507,,Sangkat Pong Tuek,commune,120000,120500
120508,,Sangkat Prey Veaeng,commune,120000,120500
120510,,Sangkat Prey Sa,commune,120000,120500
120512,,Sangkat Krang Pungro,commune,120000,120500
120514,,Sangkat Sak Sampov,commune,120000,120500
120515,,Sangkat Cheung Aek,commune,120000,120500
120516,,Sangkat Kong Noy,commune,120000,120500
120517,,Sangkat Preaek Kampues,commune,120000,120500
120518,,Sangkat Rolous,commune,120000,120500
120519,,Sangkat Spean Thma,commune,120000,120500
120520,,Sangkat Tien,commune,120000,120500
120600,,Khan Mean Chey,district,120000,120600
120601,,Sangkat Chak Angrae Leu,commune,120000,120600
120602,,Sangkat Chak Angrae Kraom,commune,120000,120600
120603,,Sangkat Stueng Mean Chey Ti Muoy,commune,120000,120600
120604,,Sangkat Stueng Mean Chey Ti Pir,commune,120000,120600
120610,,Sangkat Stueng Mean Chey Ti Bei,commune,120000,120600
120611,,Sangkat Boeng Tumpun Ti Muoy,commune,120000,120600
120612,,Sangkat Boeng Tumpun Ti Pir,commune,120000,120600
120700,,Khan Ruessei Kaev,district,120000,120700
120703,,Sangkat Svay Pak,commune,120000,120700
120704,,Sangkat Kileumaet Lekh Prammuoy,commune,120000,120700
120706,,Sangkat Ruessei Kaev,commune,120000,120700
120711,,Sangkat Chrang Chamreh Ti Muoy,commune,120000,120700
120712,,Sangkat Chrang Chamreh Ti Pir,commune,120000,120700
120713,,Sangkat Tuol Sangkae Ti Muoy,commune,120000,120700
120714,,Sangkat Tuol Sangkae Ti Pir,commune,120000,120700
120800,,Khan Saen Sokh,district,120000,120800
120801,,Sangkat Phnum Penh Thmei,commune,120000,120800
120802,,Sangkat Tuek Thla,commune,120000,120800
120803,,Sangkat Khmounh,commune,120000,120800
120804,,Sangkat Krang Thrnung,commune,120000,120800
120805,,Sangkat Ou Baek Kam,commune,120000,120800
120806,,Sangkat Kouk Khleang,commune,120000,120800
120900,,Khan Pou Saen Chey,district,120000,120900
120911,,Sangkat Samraong Kraom,commune,120000,120900
120912,,Sangkat Trapeang Krasang,commune,120000,120900
120914,,Sangkat Kakab Ti Muoy,commune,120000,120900
120915,,Sangkat Kakab Ti Pir,commune,120000,120900
120916,,Sangkat Chaom Chau Ti Muoy,commune,120000,120900
120917,,Sangkat Chaom Chau Ti Pir,commune,120000,120900
120918,,Sangkat Chaom Chau Ti Bei,commune,120000,120900
121000,,Khan Chbar Ampov,district,120000,121000
121001,,Sangkat Kbal Kaoh,commune,120000,121000
121002,,Sangkat Chbar Ampov Ti Muoy,commune,120000,121000
121003,,Sangkat Chbar Ampov Ti Pir,commune,120000,121000
121004,,Sangkat Nirouth,commune,120000,121000
121005,,Sangkat Preaek Pra,commune,120000,121000
121006,,Sangkat Preaek Aeng,commune,120000,121000
121007,,Sangkat Preaek Thmei,commune,120000,121000
121008,,Sangkat Veal Sbouv,commune,120000,121000
121100,,Khan Chrouy Changvar,district,120000,121100
121101,,Sangkat Kaoh Dach,commune,120000,121100
121102,,Sangkat Chrouy Changvar,commune,120000,121100
121103,,Sangkat Bak Khaeng,commune,120000,121100
121104,,Sangkat Preaek Lieb,commune,120000,121100
121105,,Sangkat Preaek Ta Sek,commune,120000,121100
121200,,Khan Preaek Pnov,district,120000,121200
121201,,Sangkat Kouk Roka,commune,120000,121200
121202,,Sangkat Preaek Phnov,commune,120000,121200
121203,,Sangkat Ponhea Pun,commune,120000,121200
121204,,Sangkat Punsang,commune,120000,121200
121205,,Sangkat Samraong,commune,120000,121200
121300,,Khan Boeng Keng Kang,district,120000,121300
121301,,Sangkat Boeng Keng Kang Ti Muoy,commune,120000,121300
121302,,Sangkat Boeng Keng Kang Ti Pir,commune,120000,121300
121303,,Sangkat Boeng Keng Kang Ti Bei,commune,120000,121300
121304,,Sangkat Oulampik,commune,120000,121300
121305,,Sangkat Tumnub Tuek,commune,120000,121300
121306,,Sangkat Tuol Svay Prey Ti Muoy,commune,120000,121300
121307,,Sangkat Tuol Svay Prey Ti Pir,commune,120000,121300
121400,,Khan Kamboul,district,120000,121400
121401,,Sangkat Kamboul,commune,120000,121400
121402,,Sangkat Kantaok,commune,120000,121400
121403,,Sangkat Ovlaok,commune,120000,121400
121404,,Sangkat Snao,commune,120000,121400
121405,,Sangkat Phleung Chheh Roteh,commune,120000,121400
121406,,Sangkat Boeng Thum,commune,120000,121400
121407,,Sangkat Prateah Lang,commune,120000,121400
130000,,Preah Vihear Province,province,130000,
130100,,Chey Saen District,district,130000,130100
130101,,Sang Commune,commune,130000,130100
130102,,Tasu Commune,commune,130000,130100
130103,,Khyang Commune,commune,130000,130100
130104,,Chrach Commune,commune,130000,130100
130105,,Thmea Commune,commune,130000,130100
130106,,Putrea Commune,commune,130000,130100
130200,,Chhaeb District,district,130000,130200
130201,,Chhaeb Muoy Commune,commune,130000,130200
130202,,Chhaeb Pir Commune,commune,130000,130200
130203,,Sangkae Muoy Commune,commune,130000,130200
130204,,Sangkae Pir Commune,commune,130000,130200
130205,,Mlu Prey Muoy Commune,commune,130000,130200
130206,,Mlu Prey Pir Commune,commune,130000,130200
130207,,Kampong Sralau Muoy Commune,commune,130000,130200
130208,,Kampong Sralau Pir Commune,commune,130000,130200
130300,,Choam Khsan District,district,130000,130300
130301,,Choam Ksan Commune,commune,130000,130300
130302,,Tuek Kraham Commune,commune,130000,130300
130303,,Pring Thum Commune,commune,130000,130300
130304,,Rumdaoh Srae Commune,commune,130000,130300
130305,,Yeang Commune,commune,130000,130300
130306,,Kantuot Commune,commune,130000,130300
130307,,Morokat Commune,commune,130000,130300
130308,,Sra Aem Commune,commune,130000,130300
130400,,Kuleaen District,district,130000,130400
130401,,Kuleaen Tboung Commune,commune,130000,130400
130402,,Kuleaen Cheung Commune,commune,130000,130400
130403,,Thmei Commune,commune,130000,130400
130404,,Phnum Penh Commune,commune,130000,130400
130405,,Phnum Tbaeng Pir Commune,commune,130000,130400
130406,,Srayang Commune,commune,130000,130400
130500,,Rovieng District,district,130000,130500
130501,,Robieb Commune,commune,130000,130500
130502,,Reaksmei Commune,commune,130000,130500
130503,,Rohas Commune,commune,130000,130500
130504,,Rung Roeang Commune,commune,130000,130500
130505,,Rik Reay Commune,commune,130000,130500
130506,,Ruos Roan Commune,commune,130000,130500
130507,,Rottaknak Commune,commune,130000,130500
130508,,Rieb Roy Commune,commune,130000,130500
130509,,Reaksa Commune,commune,130000,130500
130510,,Rumdaoh Commune,commune,130000,130500
130511,,Rumtum Commune,commune,130000,130500
130512,,Rummeakney Commune,commune,130000,130500
130600,,Sangkum Thmei District,district,130000,130600
130601,,Chamraeun Commune,commune,130000,130600
130602,,Ro Ang Commune,commune,130000,130600
130603,,Phnum Tbaeng Muoy Commune,commune,130000,130600
130604,,Sdau Commune,commune,130000,130600
130605,,Reaknak Se Commune,commune,130000,130600
130700,,Tbaeng Mean Chey District,district,130000,130700
130703,,Chhean Mukh Commune,commune,130000,130700
130704,,Pou Commune,commune,130000,130700
130705,,Pramae Commune,commune,130000,130700
130706,,Preah Khleang Commune,commune,130000,130700
130800,,Preah Vihear Municipality,district,130000,130800
130801,,Sangkat Kampong Pranak,commune,130000,130800
130802,,Sangkat Pal Hal,commune,130000,130800
140000,,Prey Veng Province,province,140000,
140100,,Ba Phnum District,district,140000,140100
140101,,Boeng Preah Commune,commune,140000,140100
140102,,Cheung Phnum Commune,commune,140000,140100
140103,,Chheu Kach Commune,commune,140000,140100
140104,,Reak Chey Commune,commune,140000,140100
140105,,Roung Damrei Commune,commune,140000,140100
140106,,Sdau Kaong Commune,commune,140000,140100
140107,,Spueu Ka Commune,commune,140000,140100
140108,,Spueu Kha Commune,commune,140000,140100
140109,,Theay Commune,commune,140000,140100
140200,,Kamchay Mear District,district,140000,140200
140201,,Cheach Commune,commune,140000,140200
140202,,Doun Koeng Commune,commune,140000,140200
140203,,Kranhung Commune,commune,140000,140200
140204,,Krabau Commune,commune,140000,140200
140205,,Seang Khveang Commune,commune,140000,140200
140206,,Smaong Cheung Commune,commune,140000,140200
140207,,Smaong Tboung Commune,commune,140000,140200
140208,,Trabaek Commune,commune,140000,140200
140300,,Kampong Trabaek District,district,140000,140300
140301,,Ansaong Commune,commune,140000,140300
140302,,Cham Commune,commune,140000,140300
140303,,Cheang Daek Commune,commune,140000,140300
140304,,Chrey Commune,commune,140000,140300
140305,,Kansaom Ak Commune,commune,140000,140300
140306,,Kou Khchak Commune,commune,140000,140300
140307,,Kampong Trabaek Commune,commune,140000,140300
140308,,Peam Muntear Commune,commune,140000,140300
140309,,Prasat Commune,commune,140000,140300
140310,,Pratheat Commune,commune,140000,140300
140311,,Prey Chhor Commune,commune,140000,140300
140312,,Prey Poun Commune,commune,140000,140300
140313,,Thkouv Commune,commune,140000,140300
140400,,Kanhchriech District,district,140000,140400
140401,,Chong Ampil Commune,commune,140000,140400
140402,,Kanhchriech Commune,commune,140000,140400
140403,,Kdoeang Reay Commune,commune,140000,140400
140404,,Kouk Kung Kaeut Commune,commune,140000,140400
140405,,Kouk Kung Lech Commune,commune,140000,140400
140406,,Preal Commune,commune,140000,140400
140407,,Thma Pun Commune,commune,140000,140400
140408,,Tnaot Commune,commune,140000,140400
140500,,Me Sang District,district,140000,140500
140501,,Angkor Sar Commune,commune,140000,140500
140502,,Chres Commune,commune,140000,140500
140503,,Chi Phoch Commune,commune,140000,140500
140504,,Prey Khnes Commune,commune,140000,140500
140505,,Prey Rumdeng Commune,commune,140000,140500
140506,,Prey Totueng Commune,commune,140000,140500
140507,,Svay Chrum Commune,commune,140000,140500
140508,,Trapeang Srae Commune,commune,140000,140500
140600,,Peam Chor District,district,140000,140600
140601,,Angkor Ang Commune,commune,140000,140600
140602,,Kampong Prasat Commune,commune,140000,140600
140603,,Kaoh Chek Commune,commune,140000,140600
140604,,Kaoh Roka Commune,commune,140000,140600
140605,,Kaoh Sampov Commune,commune,140000,140600
140606,,Krang Ta Yang Commune,commune,140000,140600
140607,,Preaek Krabau Commune,commune,140000,140600
140608,,Preaek Sambour Commune,commune,140000,140600
140609,,Ruessei Srok Commune,commune,140000,140600
140610,,Svay Phluoh Commune,commune,140000,140600
140700,,Peam Ro District,district,140000,140700
140701,,Ba Baong Commune,commune,140000,140700
140702,,Barlech Prasat Commune,commune,140000,140700
140703,,Neak Loeang Commune,commune,140000,140700
140704,,Peam Mean Chey Commune,commune,140000,140700
140705,,Peam Ro Commune,commune,140000,140700
140706,,Preaek Khsay Ka Commune,commune,140000,140700
140707,,Preaek Khsay Kha Commune,commune,140000,140700
140708,,Prey Kandieng Commune,commune,140000,140700
140800,,Pea Reang District,district,140000,140800
140801,,Kampong Popil Commune,commune,140000,140800
140802,,Kanhcham Commune,commune,140000,140800
140803,,Kampong Prang Commune,commune,140000,140800
140804,,Mesar Prachan Commune,commune,140000,140800
140805,,Prey Pnov Commune,commune,140000,140800
140806,,Prey Sniet Commune,commune,140000,140800
140809,,Prey Sraket Commune,commune,140000,140800
140810,,Reab Commune,commune,140000,140800
140811,,Roka Commune,commune,140000,140800
140900,,Preah Sdach District,district,140000,140900
140901,,Angkor Reach Commune,commune,140000,140900
140902,,Banteay Chakrei Commune,commune,140000,140900
140903,,Boeng Daol Commune,commune,140000,140900
140904,,Chey Kampok Commune,commune,140000,140900
140905,,Kampong Soeng Commune,commune,140000,140900
140906,,Krang Svay Commune,commune,140000,140900
140907,,Lvea Commune,commune,140000,140900
140908,,Preah Sdach Commune,commune,140000,140900
140909,,Reathor Commune,commune,140000,140900
140910,,Rumchek Commune,commune,140000,140900
140911,,Sena Reach Otdam Commune,commune,140000,140900
141000,,Prey Veaeng Municipality,district,140000,141000
141001,,Sangkat Baray,commune,140000,141000
141002,,Sangkat Cheung Tuek,commune,140000,141000
141003,,Sangkat Kampong Leav,commune,140000,141000
141004,,Sangkat Ta Kao,commune,140000,141000
141100,,Pou Rieng District,district,140000,141100
141101,,Pou Rieng Commune,commune,140000,141100
141102,,Preaek Anteah Commune,commune,140000,141100
141103,,Preaek Chrey Commune,commune,140000,141100
141104,,Prey Kanlaong Commune,commune,140000,141100
141105,,Kampong Ruessei Commune,commune,140000,141100
141106,,Preaek Ta Sar Commune,commune,140000,141100
141110,,Sithor Kandal District,commune,140000,141100
141200,,Sithor Kandal District,district,140000,141200
141201,,Ampil Krav Commune,commune,140000,141200
141202,,Chrey Khmum Commune,commune,140000,141200
141203,,Lve Commune,commune,140000,141200
141204,,Pnov Ti Muoy Commune,commune,140000,141200
141205,,Pnov Ti Pir Commune,commune,140000,141200
141206,,Pou Ti Commune,commune,140000,141200
141207,,Preaek Changkran Commune,commune,140000,141200
141208,,Prey Daeum Thnoeng Commune,commune,140000,141200
141209,,Prey Tueng Commune,commune,140000,141200
141210,,Rumlech Commune,commune,140000,141200
141211,,Ruessei Sanh Commune,commune,140000,141200
141300,,Svay Antor District,district,140000,141300
141301,,Angkor Tret Commune,commune,140000,141300
141302,,Chea Khiang Commune,commune,140000,141300
141303,,Chrey Commune,commune,140000,141300
141304,,Damrei Puon Commune,commune,140000,141300
141305,,Me Bon Commune,commune,140000,141300
141306,,Pean Roung Commune,commune,140000,141300
141307,,Popueus Commune,commune,140000,141300
141308,,Prey Khla Commune,commune,140000,141300
141309,,Samraong Commune,commune,140000,141300
141310,,Svay Antor Commune,commune,140000,141300
141311,,Tuek Thla Commune,commune,140000,141300
150000,,Pursat Province,province,150000,
150100,,Bakan District,district,150000,150100
150101,,Boeng Bat Kandaol Commune,commune,150000,150100
150102,,Boeng Khnar Commune,commune,150000,150100
150103,,Khnar Totueng Commune,commune,150000,150100
150104,,Me Tuek Commune,commune,150000,150100
150105,,Ou Ta Paong Commune,commune,150000,150100
150106,,Rumlech Commune,commune,150000,150100
150107,,Snam Preah Commune,commune,150000,150100
150108,,Svay Doun Kaev Commune,commune,150000,150100
150109,,Trapeang Chong Commune,commune,150000,150100
150200,,Kandieng District,district,150000,150200
150201,,Anlung Vil Commune,commune,150000,150200
150202,,Kandieng Commune,commune,150000,150200
150203,,Kanhchor Commune,commune,150000,150200
150204,,Reang Ti Commune,commune,150000,150200
150205,,Srae Sdok Commune,commune,150000,150200
150206,,Svay Luong Commune,commune,150000,150200
150207,,Sya Commune,commune,150000,150200
150208,,Veal Commune,commune,150000,150200
150209,,Kaoh Chum Commune,commune,150000,150200
150210,,Krakor District,commune,150000,150200
150300,,Krakor District,district,150000,150300
150301,,Anlung Tnaot Commune,commune,150000,150300
150302,,Ansa Chambak Commune,commune,150000,150300
150303,,Boeng Kantuot Commune,commune,150000,150300
150304,,Chheu Tom Commune,commune,150000,150300
150305,,Kampong Luong Commune,commune,150000,150300
150306,,Kampong Pou Commune,commune,150000,150300
150307,,Kbal Trach Commune,commune,150000,150300
150308,,Ou Sandan Commune,commune,150000,150300
150309,,Sna Ansa Commune,commune,150000,150300
150310,,Svay Sa Commune,commune,150000,150300
150311,,Tnaot Chum Commune,commune,150000,150300
150400,,Phnum Kravanh District,district,150000,150400
150401,,Bak Chenhchien Commune,commune,150000,150400
150402,,Leach Commune,commune,150000,150400
150403,,Prongil Commune,commune,150000,150400
150404,,Rokat Commune,commune,150000,150400
150405,,Santreae Commune,commune,150000,150400
150406,,Samraong Commune,commune,150000,150400
150407,,Pousat Municipality,commune,150000,150400
150500,,Pousat Municipality,district,150000,150500
150501,,Sangkat Chamraeun Phal,commune,150000,150500
150502,,Sangkat Lolok Sa,commune,150000,150500
150503,,Sangkat Phteah Prey,commune,150000,150500
150504,,Sangkat Prey Nhi,commune,150000,150500
150505,,Sangkat Roleab,commune,150000,150500
150506,,Sangkat Svay At,commune,150000,150500
150507,,Sangkat Banteay Dei,commune,150000,150500
150600,,Veal Veaeng District,district,150000,150600
150601,,Ou Saom Commune,commune,150000,150600
150602,,Krapeu Pir Commune,commune,150000,150600
150603,,Anlung Reab Commune,commune,150000,150600
150604,,Pramaoy Commune,commune,150000,150600
150605,,Thma Da Commune,commune,150000,150600
150700,,Ta Lou Saen Chey District,district,150000,150700
150701,,Ta Lou Commune,commune,150000,150700
150702,,Phteah Rung Commune,commune,150000,150700
160000,,Ratanak Kiri Province,province,160000,
160100,,Andoung Meas District,district,160000,160100
160101,,Malik Commune,commune,160000,160100
160102,,Nhang Commune,commune,160000,160100
160103,,Ta Lav Commune,commune,160000,160100
160104,,Ban Lung Municipality,commune,160000,160100
160200,,Ban Lung Municipality,district,160000,160200
160201,,Sangkat Kachanh,commune,160000,160200
160202,,Sangkat Labansiek,commune,160000,160200
160203,,Sangkat Yeak Laom,commune,160000,160200
160204,,Sangkat Boeng Kansaeng,commune,160000,160200
160300,,Bar Kaev District,district,160000,160300
160301,,Kak Commune,commune,160000,160300
160302,,Keh Chong Commune,commune,160000,160300
160303,,La Minh Commune,commune,160000,160300
160304,,Lung Khung Commune,commune,160000,160300
160305,,Seung Commune,commune,160000,160300
160306,,Ting Chak Commune,commune,160000,160300
160400,,Koun Mom District,district,160000,160400
160401,,Serei Mangkul Commune,commune,160000,160400
160402,,Srae Angkrong Commune,commune,160000,160400
160403,,Ta Ang Commune,commune,160000,160400
160404,,Teun Commune,commune,160000,160400
160405,,Trapeang Chres Commune,commune,160000,160400
160406,,Trapeang Kraham Commune,commune,160000,160400
160500,,Lumphat District,district,160000,160500
160501,,Chey Otdam Commune,commune,160000,160500
160502,,Ka Laeng Commune,commune,160000,160500
160503,,Lbang Muoy Commune,commune,160000,160500
160504,,Lbang Pir Commune,commune,160000,160500
160505,,Ba Tang Commune,commune,160000,160500
160506,,Seda Commune,commune,160000,160500
160600,,Ou Chum District,district,160000,160600
160601,,Cha Ung Commune,commune,160000,160600
160602,,Pouy Commune,commune,160000,160600
160603,,Aekakpheap Commune,commune,160000,160600
160604,,Kalai Commune,commune,160000,160600
160605,,Ou Chum Commune,commune,160000,160600
160606,,Sammeakki Commune,commune,160000,160600
160607,,Lak Commune,commune,160000,160600
160700,,Ou Ya Dav District,district,160000,160700
160701,,Bar Kham Commune,commune,160000,160700
160702,,Lum Choar Commune,commune,160000,160700
160703,,Pak Nhai Commune,commune,160000,160700
160704,,Pa Te Commune,commune,160000,160700
160705,,Sesan Commune,commune,160000,160700
160706,,Saom Thum Commune,commune,160000,160700
160707,,Ya Tung Commune,commune,160000,160700
160800,,Ta Veaeng District,district,160000,160800
160801,,Ta Veaeng Leu Commune,commune,160000,160800
160802,,Ta Veaeng Kraom Commune,commune,160000,160800
160900,,Veun Sai District,district,160000,160900
160901,,Pong Commune,commune,160000,160900
160902,,Hat Pak Commune,commune,160000,160900
160903,,Ka Choun Commune,commune,160000,160900
160904,,Kaoh Pang Commune,commune,160000,160900
160905,,Kaoh Peak Commune,commune,160000,160900
160906,,Kok Lak Commune,commune,160000,160900
160907,,Pa Kalan Commune,commune,160000,160900
160908,,Phnum Kok Commune,commune,160000,160900
160909,,Veun Sai Commune,commune,160000,160900
170000,,Siem Reap Province,province,170000,
170100,,Angkor Chum District,district,170000,170100
170101,,Char Chhuk Commune,commune,170000,170100
170102,,Doun Paeng Commune,commune,170000,170100
170103,,Kouk Doung Commune,commune,170000,170100
170104,,Koul Commune,commune,170000,170100
170105,,Nokor Pheas Commune,commune,170000,170100
170106,,Srae Khvav Commune,commune,170000,170100
170107,,Ta Saom Commune,commune,170000,170100
170200,,Angkor Thum District,district,170000,170200
170201,,Chub Ta Trav Commune,commune,170000,170200
170202,,Leang Dai Commune,commune,170000,170200
170203,,Peak Snaeng Commune,commune,170000,170200
170204,,Svay Chek Commune,commune,170000,170200
170300,,Banteay Srei District,district,170000,170300
170301,,Khnar Sanday Commune,commune,170000,170300
170302,,Khun Ream Commune,commune,170000,170300
170303,,Preah Dak Commune,commune,170000,170300
170304,,Rumchek Commune,commune,170000,170300
170305,,Tbaeng Commune,commune,170000,170300
170400,,Chi Kraeng District,district,170000,170400
170401,,Anlung Samnar Commune,commune,170000,170400
170402,,Chi Kraeng Commune,commune,170000,170400
170403,,Kampong Kdei Commune,commune,170000,170400
170404,,Khvav Commune,commune,170000,170400
170405,,Kouk Thlok Kraom Commune,commune,170000,170400
170406,,Kouk Thlok Leu Commune,commune,170000,170400
170407,,Lveaeng Ruessei Commune,commune,170000,170400
170408,,Pungro Kraom Commune,commune,170000,170400
170409,,Pungro Leu Commune,commune,170000,170400
170410,,Ruessei Lok Commune,commune,170000,170400
170411,,Sangveauy Commune,commune,170000,170400
170412,,Spean Tnaot Commune,commune,170000,170400
170500,,Kralanh District,district,170000,170500
170501,,Chanleas Dai Commune,commune,170000,170500
170502,,Kampong Thkov Commune,commune,170000,170500
170503,,Kralanh Commune,commune,170000,170500
170504,,Krouch Kor Commune,commune,170000,170500
170505,,Roung Kou Commune,commune,170000,170500
170506,,Sambuor Commune,commune,170000,170500
170507,,Saen Sokh Commune,commune,170000,170500
170508,,Snoul Commune,commune,170000,170500
170509,,Sranal Commune,commune,170000,170500
170510,,Ta An Commune,commune,170000,170500
170600,,Puok District,district,170000,170600
170701,,Sasar Sdam Commune,commune,170000,170700
170702,,Doun Kaev Commune,commune,170000,170700
170703,,Kdei Run Commune,commune,170000,170700
170704,,Kaev Poar Commune,commune,170000,170700
170705,,Khnat Commune,commune,170000,170700
170706,,Lvea Commune,commune,170000,170700
170707,,Mukh Paen Commune,commune,170000,170700
170708,,Pou Treay Commune,commune,170000,170700
170709,,Puok Commune,commune,170000,170700
170710,,Prey Chruk Commune,commune,170000,170700
170711,,Reul Commune,commune,170000,170700
170712,,Samraong Yea Commune,commune,170000,170700
170713,,Trei Nhoar Commune,commune,170000,170700
170714,,Yeang Commune,commune,170000,170700
170700,,Prasat Bakong District,district,170000,170700
170901,,Bakong Commune,commune,170000,170900
170902,,Kampong Phluk Commune,commune,170000,170900
170903,,Kantreang Commune,commune,170000,170900
170904,,Kandaek Commune,commune,170000,170900
170905,,Mean Chey Commune,commune,170000,170900
170906,,Rolous Commune,commune,170000,170900
170907,,Trapeang Thum Commune,commune,170000,170900
170908,,Ampil Commune,commune,170000,170900
170800,,Siem Reap Municipality,district,170000,170800
170801,,Sangkat Sla Kram,commune,170000,170800
170802,,Sangkat Svay Dankum,commune,170000,170800
170803,,Sangkat Kouk Chak,commune,170000,170800
170804,,Sangkat Sala Kamraeuk,commune,170000,170800
170805,,Sangkat Nokor Thum,commune,170000,170800
170806,,Sangkat Chreav,commune,170000,170800
170807,,Sangkat Chong Khnies,commune,170000,170800
170808,,Sangkat Sambour,commune,170000,170800
170809,,Sangkat Siem Reap,commune,170000,170800
170810,,Sangkat Srangae,commune,170000,170800
170811,,Sangkat Krabei Riel,commune,170000,170800
170812,,Sangkat Tuek Vil,commune,170000,170800
170900,,Sout Nikum District,district,170000,170900
170901,,Chan Sa Commune,commune,170000,170900
170902,,Dam Daek Commune,commune,170000,170900
170903,,Dan Run Commune,commune,170000,170900
170904,,Kampong Khleang Commune,commune,170000,170900
170905,,Kien Sangkae Commune,commune,170000,170900
170906,,Khchas Commune,commune,170000,170900
170907,,Khnar Pou Commune,commune,170000,170900
170908,,Popel Commune,commune,170000,170900
170909,,Samraong Commune,commune,170000,170900
170910,,Ta Yaek Commune,commune,170000,170900
171000,,Srei Snam District,district,170000,171000
171001,,Chrouy Neang Nguon Commune,commune,170000,171000
171002,,Klang Hay Commune,commune,170000,171000
171003,,Tram Sasar Commune,commune,170000,171000
171004,,Moung Commune,commune,170000,171000
171005,,Prei Commune,commune,170000,171000
171006,,Slaeng Spean Commune,commune,170000,171000
171100,,Svay Leu District,district,170000,171100
171101,,Boeng Mealea Commune,commune,170000,171100
171102,,Kantuot Commune,commune,170000,171100
171103,,Khnang Phnum Commune,commune,170000,171100
171104,,Svay Leu Commune,commune,170000,171100
171105,,Ta Siem Commune,commune,170000,171100
171200,,Varin District,district,170000,171200
171401,,Prasat Commune,commune,170000,171400
171402,,Lvea Krang Commune,commune,170000,171400
171403,,Srae Nouy Commune,commune,170000,171400
171404,,Svay Sa Commune,commune,170000,171400
171405,,Varin Commune,commune,170000,171400
171300,,Run Ta Aek Techou Saen Municipality,district,170000,171300
171501,,Sangkat Run Ta Aek,commune,170000,171500
171502,,Sangkat Ballang,commune,170000,171500
180000,,Sihanoukville Province,province,180000,
180100,,Preah Sihanouk Municipality,district,180000,180100
180101,,Sangkat Lekh Muoy,commune,180000,180100
180102,,Sangkat Lekh Pir,commune,180000,180100
180103,,Sangkat Lekh Bei,commune,180000,180100
180104,,Sangkat Lekh Buon,commune,180000,180100
180200,,Prey Nub District,district,180000,180200
180201,,Andoung Thma Commune,commune,180000,180200
180202,,Cheung Kou Commune,commune,180000,180200
180204,,Prey Nub Commune,commune,180000,180200
180205,,Sammeakki Commune,commune,180000,180200
180206,,Samrong Commune,commune,180000,180200
180210,,Tuek Lak Commune,commune,180000,180200
180211,,Tuek Thla Commune,commune,180000,180200
180212,,Tuol Totueng Commune,commune,180000,180200
180213,,Veal Ranh Commune,commune,180000,180200
180214,,Ta Ney Commune,commune,180000,180200
180215,,Stueng Hav District,commune,180000,180200
180300,,Stueng Hav District,district,180000,180300
180301,,Kampenh Commune,commune,180000,180300
180302,,Ou Treh Commune,commune,180000,180300
180303,,Tumnub Rolok Commune,commune,180000,180300
180304,,Kaev Phos Commune,commune,180000,180300
180400,,Kampong Seila District,district,180000,180400
180401,,Chamkar Luong Commune,commune,180000,180400
180402,,Kampong Seila Commune,commune,180000,180400
180403,,Ou Bak Roteh Commune,commune,180000,180400
180404,,Stueng Chhay Commune,commune,180000,180400
180500,,Kaoh Rong Municipality,district,180000,180500
180501,,Sangkat Kaoh Rong,commune,180000,180500
180502,,Sangkat Kaoh Rong Sanloem,commune,180000,180500
180600,,Kampong Saom Municipality,district,180000,180600
180601,,Sangkat Boeng Ta Prum,commune,180000,180600
180602,,Sangkat Bet Trang,commune,180000,180600
180603,,Sangkat Ou Chrov,commune,180000,180600
180604,,Sangkat Ou Oknha Heng,commune,180000,180600
180605,,Sangkat Ream,commune,180000,180600
190000,,Stung Treng Province,province,190000,
190100,,Sesan District,district,190000,190100
190101,,Kamphun Commune,commune,190000,190100
190102,,Kbal Romeas Commune,commune,190000,190100
190103,,Phluk Commune,commune,190000,190100
190104,,Samkhuoy Commune,commune,190000,190100
190105,,Sdau Commune,commune,190000,190100
190106,,Srae Kor Commune,commune,190000,190100
190107,,Ta Lat Commune,commune,190000,190100
190200,,Siem Bouk District,district,190000,190200
190201,,Kaoh Preah Commune,commune,190000,190200
190202,,Kaoh Sampeay Commune,commune,190000,190200
190203,,Kaoh Sralay Commune,commune,190000,190200
190204,,Ou Mreah Commune,commune,190000,190200
190205,,Ou Ruessei Kandal Commune,commune,190000,190200
190206,,Siem Bouk Commune,commune,190000,190200
190207,,Srae Krasang Commune,commune,190000,190200
190300,,Siem Pang District,district,190000,190300
190301,,Preaek Meas Commune,commune,190000,190300
190302,,Sekong Commune,commune,190000,190300
190303,,Santepheap Commune,commune,190000,190300
190304,,Srae Sambour Commune,commune,190000,190300
190305,,Thma Kaev Commune,commune,190000,190300
190400,,Stueng Traeng Municipality,district,190000,190400
190401,,Sangkat Stueng Traeng,commune,190000,190400
190402,,Sangkat Srah Ruessei,commune,190000,190400
190403,,Sangkat Preah Bat,commune,190000,190400
190404,,Sangkat Sameakki,commune,190000,190400
190500,,Thala Barivat District,district,190000,190500
190501,,Anlung Phe Commune,commune,190000,190500
190502,,Chamkar Leu Commune,commune,190000,190500
190503,,Kang Cham Commune,commune,190000,190500
190504,,Anlung Chrey Commune,commune,190000,190500
190505,,Ou Rai Commune,commune,190000,190500
190506,,Sam Ang Commune,commune,190000,190500
190507,,Srae Ruessei Commune,commune,190000,190500
190510,,Thala Barivat Commune,commune,190000,190500
190511,,Borei Ou svay Saen Chey District,commune,190000,190500
190600,,Borei Ou svay Saen Chey District,district,190000,190600
190601,,Ou Svay Commune,commune,190000,190600
190602,,Kaoh Snaeng Commune,commune,190000,190600
190603,,Preah Rumkel Commune,commune,190000,190600
200000,,Svay Rieng Province,province,200000,
200100,,Chantrea District,district,200000,200100
200101,,Chantrea Commune,commune,200000,200100
200103,,Chres Commune,commune,200000,200100
200104,,Me Sar Thngak Commune,commune,200000,200100
200105,,Prey Kokir Commune,commune,200000,200100
200106,,Samraong Commune,commune,200000,200100
200109,,Tuol Sdei Commune,commune,200000,200100
200110,,Kampong Rou District,commune,200000,200100
200200,,Kampong Rou District,district,200000,200200
200201,,Banteay Krang Commune,commune,200000,200200
200202,,Nhor Commune,commune,200000,200200
200203,,Khsaet Commune,commune,200000,200200
200204,,Preah Punlea Commune,commune,200000,200200
200205,,Prey Thum Commune,commune,200000,200200
200206,,Reach Muni Commune,commune,200000,200200
200207,,Samlei Commune,commune,200000,200200
200208,,Samyaong Commune,commune,200000,200200
200209,,Svay Ta Yean Commune,commune,200000,200200
200211,,Thmei Commune,commune,200000,200200
200212,,Tnaot Commune,commune,200000,200200
200300,,Rumduol District,district,200000,200300
200301,,Bos Mon Commune,commune,200000,200300
200302,,Thmea Commune,commune,200000,200300
200303,,Kampong Chak Commune,commune,200000,200300
200304,,Chrung Popel Commune,commune,200000,200300
200305,,Kampong Ampil Commune,commune,200000,200300
200306,,Meun Chey Commune,commune,200000,200300
200307,,Pong Tuek Commune,commune,200000,200300
200308,,Sangkae Commune,commune,200000,200300
200309,,Svay Chek Commune,commune,200000,200300
200310,,Thna Thrung Commune,commune,200000,200300
200400,,Romeas Haek District,district,200000,200400
200401,,Ampil Commune,commune,200000,200400
200402,,Andoung Pou Commune,commune,200000,200400
200403,,Andoung Trabaek Commune,commune,200000,200400
200404,,Ang Prasrae Commune,commune,200000,200400
200405,,Chantrei Commune,commune,200000,200400
200406,,Chrey Thum Commune,commune,200000,200400
200407,,Doung Commune,commune,200000,200400
200408,,Kampong Trach Commune,commune,200000,200400
200409,,Kokir Commune,commune,200000,200400
200410,,Krasang Commune,commune,200000,200400
200411,,Mukh Da Commune,commune,200000,200400
200412,,Mream Commune,commune,200000,200400
200413,,Sambur Commune,commune,200000,200400
200414,,Sambat Mean Chey Commune,commune,200000,200400
200415,,Trapeang Sdau Commune,commune,200000,200400
200416,,Tras Commune,commune,200000,200400
200500,,Svay Chrum District,district,200000,200500
200501,,Ang Ta Sou Commune,commune,200000,200500
200502,,Basak Commune,commune,200000,200500
200503,,Chambak Commune,commune,200000,200500
200504,,Kampong Chamlang Commune,commune,200000,200500
200505,,Ta Suos Commune,commune,200000,200500
200507,,Chheu Teal Commune,commune,200000,200500
200508,,Doun Sa Commune,commune,200000,200500
200509,,Kouk Pring Commune,commune,200000,200500
200510,,Kraol Kou Commune,commune,200000,200500
200511,,Kruos Commune,commune,200000,200500
200512,,Pou Reach Commune,commune,200000,200500
200513,,Svay Ang Commune,commune,200000,200500
200514,,Svay Chrum Commune,commune,200000,200500
200515,,Svay Thum Commune,commune,200000,200500
200516,,Svay Yea Commune,commune,200000,200500
200517,,Thiok Commune,commune,200000,200500
200600,,Svay Rieng Municipality,district,200000,200600
200601,,Sangkat Svay Rieng,commune,200000,200600
200602,,Sangkat Prey Chhlak,commune,200000,200600
200603,,Sangkat Koy Trabaek,commune,200000,200600
200604,,Sangkat Pou Ta Hao,commune,200000,200600
200605,,Sangkat Cheik,commune,200000,200600
200606,,Sangkat Svay Toea,commune,200000,200600
200607,,Sangkat Sangkhoar,commune,200000,200600
200700,,Svay Teab District,district,200000,200700
200701,,Kokir Saom Commune,commune,200000,200700
200702,,Kandieng Reay Commune,commune,200000,200700
200703,,Meakhnoum Commune,commune,200000,200700
200704,,Popeaet Commune,commune,200000,200700
200705,,Prey Ta Ei Commune,commune,200000,200700
200706,,Prasout Commune,commune,200000,200700
200707,,Romeang Thkaol Commune,commune,200000,200700
200708,,Sambour Commune,commune,200000,200700
200709,,Svay Rumpear Commune,commune,200000,200700
200800,,Bavet Municipality,district,200000,200800
200801,,Sangkat Bati,commune,200000,200800
200802,,Sangkat Bavet,commune,200000,200800
200803,,Sangkat Chrak Mtes,commune,200000,200800
200804,,Sangkat Prasat,commune,200000,200800
200805,,Sangkat Prey Angkuhn,commune,200000,200800
210000,,Takeo Province,province,210000,
210100,,Angkor Borei District,district,210000,210100
210101,,Angkor Borei Commune,commune,210000,210100
210102,,Ba Srae Commune,commune,210000,210100
210103,,Kouk Thlok Commune,commune,210000,210100
210104,,Punley Commune,commune,210000,210100
210105,,Preaek Phtoul Commune,commune,210000,210100
210106,,Prey Phkoam Commune,commune,210000,210100
210200,,Bati District,district,210000,210200
210201,,Chambak Commune,commune,210000,210200
210202,,Champei Commune,commune,210000,210200
210203,,Doung Commune,commune,210000,210200
210204,,Kandoeng Commune,commune,210000,210200
210205,,Komar Reachea Commune,commune,210000,210200
210206,,Krang Leav Commune,commune,210000,210200
210207,,Krang Thnong Commune,commune,210000,210200
210208,,Lumpung Commune,commune,210000,210200
210209,,Pea Ream Commune,commune,210000,210200
210210,,Put Sar Commune,commune,210000,210200
210211,,Souphi Commune,commune,210000,210200
210212,,Tang Doung Commune,commune,210000,210200
210213,,Tnaot Commune,commune,210000,210200
210214,,Trapeang Krasang Commune,commune,210000,210200
210215,,Trapeang Sab Commune,commune,210000,210200
210300,,Bourei Cholsar District,district,210000,210300
210301,,Bourei Cholsar Commune,commune,210000,210300
210302,,Chey Chouk Commune,commune,210000,210300
210303,,Doung Khpuos Commune,commune,210000,210300
210304,,Kampong Krasang Commune,commune,210000,210300
210305,,Kouk Pou Commune,commune,210000,210300
210400,,Kiri Vong District,district,210000,210400
210401,,Cheung Kuon Commune,commune,210000,210400
210402,,Kiri Vong Commune,commune,210000,210400
210403,,Phnum Den Commune,commune,210000,210400
210404,,Preaek Tnaot Commune,commune,210000,210400
210405,,Prey Khla Commune,commune,210000,210400
210406,,Samraong Commune,commune,210000,210400
210407,,Ta Phem Commune,commune,210000,210400
210500,,Kaoh Andaet District,district,210000,210500
210501,,Angk Prasat Commune,commune,210000,210500
210502,,Kaoh Andaet Commune,commune,210000,210500
210503,,Kampong Reab Commune,commune,210000,210500
210504,,Prambei Mum Commune,commune,210000,210500
210505,,Prey Yuthka Commune,commune,210000,210500
210506,,Ta Suos Commune,commune,210000,210500
210507,,Tuol Snuol Commune,commune,210000,210500
210600,,Prey Kabbas District,district,210000,210600
210601,,Angk Ta Saom Commune,commune,210000,210600
210602,,Cheang Tong Commune,commune,210000,210600
210603,,Chey Chouk Commune,commune,210000,210600
210604,,Kampong Rotes Commune,commune,210000,210600
210605,,Kus Commune,commune,210000,210600
210606,,Prey Kabbas Commune,commune,210000,210600
210607,,Prey Lvea Commune,commune,210000,210600
210608,,Prey Sralet Commune,commune,210000,210600
210609,,Snam Prampir Commune,commune,210000,210600
210610,,Snao Commune,commune,210000,210600
210611,,Srae Ronoung Commune,commune,210000,210600
210612,,Ta Phem Commune,commune,210000,210600
210700,,Samraong District,district,210000,210700
210701,,Boeng Tranh Khang Cheung Commune,commune,210000,210700
210702,,Boeng Tranh Khang Tboung Commune,commune,210000,210700
210703,,Cheung Kuon Commune,commune,210000,210700
210704,,Chumreah Pen Commune,commune,210000,210700
210705,,Khvav Commune,commune,210000,210700
210706,,Lumchang Commune,commune,210000,210700
210707,,Rovieng Commune,commune,210000,210700
210708,,Samraong Commune,commune,210000,210700
210709,,Soeng Commune,commune,210000,210700
210710,,Sla Commune,commune,210000,210700
210711,,Trea Commune,commune,210000,210700
210800,,Doun Kaev Municipality,district,210000,210800
210801,,Sangkat Baray,commune,210000,210800
210802,,Sangkat Roka Knong,commune,210000,210800
210803,,Sangkat Roka Krau,commune,210000,210800
210900,,Tram Kak District,district,210000,210900
210901,,Ang Ta Saom Commune,commune,210000,210900
210902,,Cheang Tong Commune,commune,210000,210900
210903,,Kus Commune,commune,210000,210900
210904,,Leay Bour Commune,commune,210000,210900
210905,,Nhaeng Nhang Commune,commune,210000,210900
210906,,Ou Saray Commune,commune,210000,210900
210907,,Trapeang Kranhoung Commune,commune,210000,210900
210908,,Otdam Soriya Commune,commune,210000,210900
210909,,Popel Commune,commune,210000,210900
210910,,Samraong Commune,commune,210000,210900
210911,,Srae Ronoung Commune,commune,210000,210900
210912,,Ta Phem Commune,commune,210000,210900
210913,,Tram Kak Commune,commune,210000,210900
210914,,Trapeang Thum Khang Cheung Commune,commune,210000,210900
210915,,Trapeang Thum Khang Tboung Commune,commune,210000,210900
211000,,Treang District,district,210000,211000
211001,,Angkanh Commune,commune,210000,211000
211002,,Ang Khnor Commune,commune,210000,211000
211003,,Chi Khma Commune,commune,210000,211000
211004,,Khvav Commune,commune,210000,211000
211005,,Prambei Mum Commune,commune,210000,211000
211006,,Ang Kaev Commune,commune,210000,211000
211007,,Prey Sloek Commune,commune,210000,211000
211008,,Roneam Commune,commune,210000,211000
211009,,Sambour Commune,commune,210000,211000
211010,,Sanlung Commune,commune,210000,211000
211011,,Smaong Commune,commune,210000,211000
211012,,Srangae Commune,commune,210000,211000
211013,,Thlok Commune,commune,210000,211000
211014,,Tralach Commune,commune,210000,211000
220000,,Oddar Meanchey Province,province,220000,
220100,,Anlung Veang District,district,220000,220100
220101,,Anlung Veang Commune,commune,220000,220100
220103,,Trapeang Tav Commune,commune,220000,220100
220104,,Trapeang Prei Commune,commune,220000,220100
220105,,Thma Commune,commune,220000,220100
220106,,Lumtong Commune,commune,220000,220100
220200,,Banteay Ampil District,district,220000,220200
220201,,Ampil Commune,commune,220000,220200
220202,,Beng Commune,commune,220000,220200
220203,,Kouk Khpuos Commune,commune,220000,220200
220204,,Kouk Mon Commune,commune,220000,220200
220300,,Chong Kal District,district,220000,220300
220301,,Cheung Tien Commune,commune,220000,220300
220302,,Chong Kal Commune,commune,220000,220300
220303,,Krasang Commune,commune,220000,220300
220304,,Pongro Commune,commune,220000,220300
220400,,Samraong Municipality,district,220000,220400
220401,,Sangkat Bansay Reak,commune,220000,220400
220402,,Sangkat Bos Sbouv,commune,220000,220400
220403,,Sangkat Koun Kriel,commune,220000,220400
220404,,Sangkat Samraong,commune,220000,220400
220405,,Sangkat Ou Smach,commune,220000,220400
220500,,Trapeang Prasat District,district,220000,220500
220501,,Bak Anlung Commune,commune,220000,220500
220502,,Ph'av Commune,commune,220000,220500
220503,,Ou Svay Commune,commune,220000,220500
220504,,Preah Pralay Commune,commune,220000,220500
220505,,Tumnub Dach Commune,commune,220000,220500
220506,,Trapeang Prasat Commune,commune,220000,220500
230000,,Kep Province,province,230000,
230100,,Damnak Chang'aeu District,district,230000,230100
230101,,Angkaol Commune,commune,230000,230100
230103,,Pong Tuek Commune,commune,230000,230100
230200,,Kaeb Municipality,district,230000,230200
230201,,Sangkat Kaeb,commune,230000,230200
230202,,Sangkat Prey Thum,commune,230000,230200
230203,,Sangkat Ou Krasar,commune,230000,230200
240000,,Pailin Province,province,240000,
240100,,Pailin Municipality,district,240000,240100
240101,,Sangkat Pailin,commune,240000,240100
240102,,Sangkat Ou Ta Vau,commune,240000,240100
240103,,Sangkat Tuol Lvea,commune,240000,240100
240104,,Sangkat Ba Yakha,commune,240000,240100
240200,,Sala Krau District,district,240000,240200
240201,,Sala Krau Commune,commune,240000,240200
240202,,Stueng Trang Commune,commune,240000,240200
240203,,Stueng Kach Commune,commune,240000,240200
240204,,Ou Andoung Commune,commune,240000,240200
250000,,Tboung Khmum Province,province,250000,
250100,,Dambae District,district,250000,250100
250101,,Chong Cheach Commune,commune,250000,250100
250102,,Dambae Commune,commune,250000,250100
250103,,Kouk Srok Commune,commune,250000,250100
250104,,Neang Teut Commune,commune,250000,250100
250105,,Seda Commune,commune,250000,250100
250106,,Tuek Chrov Commune,commune,250000,250100
250107,,Trapeang Pring Commune,commune,250000,250100
250200,,Krouch Chhmar District,district,250000,250200
250201,,Chhuk Commune,commune,250000,250200
250202,,Chumnik Commune,commune,250000,250200
250203,,Kampong Treas Commune,commune,250000,250200
250204,,Kaoh Pir Commune,commune,250000,250200
250205,,Krouch Chhmar Commune,commune,250000,250200
250206,,Peus Muoy Commune,commune,250000,250200
250207,,Peus Pir Commune,commune,250000,250200
250208,,Preak A Chi Commune,commune,250000,250200
250209,,Roka Khnor Commune,commune,250000,250200
250210,,Svay Khleang Commune,commune,250000,250200
250211,,Trea Commune,commune,250000,250200
250212,,Tuol Snuol Commune,commune,250000,250200
250300,,Memut District,district,250000,250300
250301,,Chan Mul Commune,commune,250000,250300
250302,,Choam Commune,commune,250000,250300
250303,,Choam Kravien Commune,commune,250000,250300
250304,,Choam Ta Mau Commune,commune,250000,250300
250305,,Dar Commune,commune,250000,250300
250306,,Kampoan Commune,commune,250000,250300
250307,,Memong Commune,commune,250000,250300
250308,,Memut Commune,commune,250000,250300
250309,,Rumchek Commune,commune,250000,250300
250310,,Tramung Commune,commune,250000,250300
250311,,Tunlung Commune,commune,250000,250300
250312,,Triek Commune,commune,250000,250300
250313,,Kokir Commune,commune,250000,250300
250400,,Ou Reang Ov District,district,250000,250400
250401,,Ampil Ta Pok Commune,commune,250000,250400
250402,,Chak Commune,commune,250000,250400
250403,,Damrel Commune,commune,250000,250400
250404,,Kong Chey Commune,commune,250000,250400
250405,,Mien Commune,commune,250000,250400
250406,,Preah Theat Commune,commune,250000,250400
250407,,Tuol Souphi Commune,commune,250000,250400
250500,,Ponhea Kraek District,district,250000,250500
250501,,Doun Tei Commune,commune,250000,250500
250502,,Kak Commune,commune,250000,250500
250503,,Kandaol Chrum Commune,commune,250000,250500
250504,,Kaong Kang Commune,commune,250000,250500
250505,,Kraek Commune,commune,250000,250500
250506,,Popel Commune,commune,250000,250500
250507,,Trapeang Phlong Commune,commune,250000,250500
250508,,Veal Mlu Commune,commune,250000,250500
250600,,Suong Municipality,district,250000,250600
250601,,Sangkat Suong,commune,250000,250600
250602,,Sangkat Vihea Luong,commune,250000,250600
250700,,Tboung Khmum District,district,250000,250700
250701,,Anhchaeum Commune,commune,250000,250700
250702,,Boeng Pruol Commune,commune,250000,250700
250703,,Chikor Commune,commune,250000,250700
250704,,Chirou Ti Muoy Commune,commune,250000,250700
250705,,Chirou Ti Pir Commune,commune,250000,250700
250706,,Chub Commune,commune,250000,250700
250707,,Kor Commune,commune,250000,250700
250708,,Lngieng Commune,commune,250000,250700
250709,,Mong Riev Commune,commune,250000,250700
250710,,Peam Chileang Commune,commune,250000,250700
250711,,Roka Po Pram Commune,commune,250000,250700
250712,,Sralab Commune,commune,250000,250700
250713,,Thma Pech Commune,commune,250000,250700
250714,,Tonle Bet Commune,commune,250000,250700
